date,Open,High,Low,Close,Volume,Ex-Dividend,Split Ratio,Adj. Open,Adj. High,Adj. Low,Adj. Close,Adj. Volume
2015-01-02,111.39,111.44,107.35,109.33,53204626.0,0.0,1.0,105.82096585573,105.86846606484,101.98294895962,103.86395724039,53204626.0
2015-01-05,108.29,108.65,105.41,106.25,64285491.0,0.0,1.0,102.8759528909,103.21795439649,100.13994084615,100.9379443592,64285491.0
2015-01-06,106.54,107.43,104.63,106.26,65797116.0,0.0,1.0,101.21344557204,102.0589492942,99.398937584029,100.94744440102,65797116.0
2015-01-07,107.2,108.2,106.695,107.75,40105934.0,0.0,1.0,101.84044833229,102.7904525145,101.36069622028,102.36295063251,40105934.0
2015-01-08,109.23,112.15,108.7,111.89,59364547.0,0.0,1.0,103.76895682217,106.54296903421,103.2654546056,106.29596794683,59364547.0
2015-01-09,112.67,113.25,110.21,112.01,53315099.0,0.0,1.0,107.03697120895,107.58797363463,104.69996092073,106.4099684487,53315099.0
2015-01-12,112.6,112.63,108.8,109.25,49650790.0,0.0,1.0,106.9704709162,106.99897104166,103.36045502382,103.78795690581,49650790.0
2015-01-13,111.43,112.8,108.91,110.22,67091928.0,0.0,1.0,105.85896602302,107.16047175264,103.46495548386,104.70946096255,67091928.0
2015-01-14,109.04,110.49,108.5,109.8,48956588.0,0.0,1.0,103.58845602755,104.96596209175,103.07545376916,104.31045920603,48956588.0
2015-01-15,110.0,110.06,106.66,106.82,60013996.0,0.0,1.0,104.50046004247,104.5574602934,101.3274460739,101.47944674306,60013996.0
2015-01-16,107.03,107.58,105.2,105.99,78513345.0,0.0,1.0,101.67894762132,102.20144992153,99.940439967886,100.69094327183,78513345.0
2015-01-20,107.84,108.9667,106.5,108.72,49899907.0,0.0,1.0,102.4484510089,103.51882072099,101.17544540475,103.28445468924,49899907.0
2015-01-21,108.95,111.06,108.27,109.55,48575897.0,0.0,1.0,103.50295565115,105.5074644756,102.85695280725,104.07295816047,48575897.0
2015-01-22,110.26,112.47,109.72,112.4,53796409.0,0.0,1.0,104.74746112984,106.84697037251,104.23445887145,106.78047007976,53796409.0
2015-01-23,112.3,113.75,111.53,112.98,46464828.0,0.0,1.0,106.68546966154,108.06297572573,105.95396644124,107.33147250543,46464828.0
2015-01-26,113.74,114.3626,112.8,113.1,55614979.0,0.0,1.0,108.05347568391,108.64494828775,107.16047175264,107.4454730073,55614979.0
2015-01-27,112.42,112.48,109.03,109.14,95568749.0,0.0,1.0,106.7994701634,106.85647041433,103.57895598573,103.68345644577,95568749.0
2015-01-28,117.625,118.12,115.31,115.31,146477063.0,0.0,1.0,111.74424193177,112.21449400196,109.54498224997,109.54498224997,146477063.0
2015-01-29,116.32,119.19,115.56,118.9,84436432.0,0.0,1.0,110.504486474,113.23099847692,109.78248329552,112.95549726408,84436432.0
2015-01-30,118.4,120.0,116.85,117.16,83745461.0,0.0,1.0,112.48049517298,114.00050186451,111.00798869057,111.30248998705,83745461.0
2015-02-02,118.05,119.17,116.08,118.63,62739100.0,0.0,1.0,112.14799370921,113.21199839328,110.27648547027,112.69899613489,62739100.0
2015-02-03,118.5,119.09,117.61,118.65,51915749.0,0.0,1.0,112.5754955912,113.1359980587,111.72999186904,112.71799621853,51915749.0
2015-02-04,118.5,120.51,118.309,119.56,70149743.0,0.0,1.0,112.5754955912,114.48500399743,112.3940447924,113.58250002434,70149743.0
2015-02-05,120.02,120.23,119.25,119.94,42246245.0,0.47,1.0,114.46630173067,114.66658437826,113.73193202285,114.39000357921,42246245.0
2015-02-06,120.02,120.25,118.45,118.93,43706567.0,0.0,1.0,114.46630173067,114.68565891613,112.96895050823,113.42673941701,43706567.0
2015-02-09,118.55,119.84,118.43,119.72,38889797.0,0.0,1.0,113.06432319756,114.29463088988,112.94987597037,114.18018366269,38889797.0
2015-02-10,120.17,122.15,120.16,122.02,62008506.0,0.0,1.0,114.60936076467,116.49774001335,114.59982349573,116.37375551722,62008506.0
2015-02-11,122.77,124.92,122.5,124.88,73561797.0,0.0,1.0,117.08905068718,119.13956350771,116.83154442599,119.10141443198,73561797.0
2015-02-12,126.06,127.48,125.57,126.46,74474466.0,0.0,1.0,120.22681216605,121.58110435449,119.75948598834,120.60830292335,74474466.0
2015-02-13,127.28,127.28,125.65,127.08,54272219.0,0.0,1.0,121.39035897584,121.39035897584,119.8357841398,121.19961359718,54272219.0
2015-02-17,127.49,128.88,126.92,127.83,63152405.0,0.0,1.0,121.59064162343,122.91632200508,121.04701729426,121.91490876714,63152405.0
2015-02-18,127.625,128.78,127.45,128.715,44891737.0,0.0,1.0,121.71939475402,122.82094931575,121.5524925477,122.75895706769,44891737.0
2015-02-19,128.48,129.03,128.33,128.45,37362381.0,0.0,1.0,122.53483124777,123.05938103907,122.39177221378,122.50621944097,37362381.0
2015-02-20,128.62,129.5,128.05,129.495,48948419.0,0.0,1.0,122.66835301283,123.50763267891,122.12472868366,123.50286404444,48948419.0
2015-02-23,130.02,133.0,129.66,133.0,70974110.0,0.0,1.0,124.00357066341,126.84567680536,123.66022898183,126.84567680536,70974110.0
2015-02-24,132.94,133.6,131.17,132.17,69228130.0,0.0,1.0,126.78845319177,127.41791294133,125.10035659067,126.05408348395,69228130.0
2015-02-25,131.56,131.6,128.15,128.79,74711746.0,0.0,1.0,125.47231007905,125.51045915478,122.22010137299,122.83048658468,74711746.0
2015-02-26,128.785,130.87,126.61,130.415,91287529.0,0.0,1.0,122.82571795022,124.81423852269,120.75136195735,124.38029278625,91287529.0
2015-02-27,130.0,130.57,128.24,128.46,62014847.0,0.0,1.0,123.98449612554,124.52812045471,122.30593679338,122.5157567099,62014847.0
2015-03-02,129.25,130.28,128.3,129.09,48096663.0,0.0,1.0,123.26920095559,124.25153965566,122.36316040698,123.11660465266,48096663.0
2015-03-03,128.96,129.52,128.09,129.36,37816283.0,0.0,1.0,122.99262015654,123.52670721677,122.16287775939,123.37411091385,37816283.0
2015-03-04,129.1,129.56,128.32,128.54,31666340.0,0.0,1.0,123.1261419216,123.5648562925,122.38223494484,122.59205486136,31666340.0
2015-03-05,128.58,128.75,125.76,126.41,56517146.0,0.0,1.0,122.63020393709,122.79233750895,119.94069409806,120.56061657869,56517146.0
2015-03-06,128.4,129.37,126.26,126.6,72842060.0,0.0,1.0,122.45853309631,123.38364818278,120.4175575447,120.74182468841,72842060.0
2015-03-09,127.96,129.57,125.06,127.14,88528487.0,0.0,1.0,122.03889326326,123.57439356144,119.27308527277,121.25683721078,88528487.0
2015-03-10,126.41,127.22,123.8,124.51,68856582.0,0.0,1.0,120.56061657869,121.33313536224,118.07138938725,118.74853548147,68856582.0
2015-03-11,124.75,124.77,122.11,122.24,68938974.0,0.0,1.0,118.97742993586,118.99650447372,116.45959093762,116.58357543374,68938974.0
2015-03-12,122.31,124.9,121.63,124.45,48362719.0,0.0,1.0,116.65033631627,119.12048896985,116.00180202884,118.69131186788,48362719.0
2015-03-13,124.4,125.3951,122.58,123.59,51827283.0,0.0,1.0,118.64362552321,119.59267915471,116.90784257745,117.87110673966,51827283.0
2015-03-16,123.88,124.95,122.87,124.95,35874300.0,0.0,1.0,118.14768753871,119.16817531451,117.1844233765,119.16817531451,35874300.0
2015-03-17,125.9,127.32,125.65,127.04,51023104.0,0.0,1.0,120.07421586312,121.42850805157,119.8357841398,121.16146452145,51023104.0
2015-03-18,127.0,129.16,126.37,128.47,65270945.0,0.0,1.0,121.12331544572,123.18336553519,120.52246750296,122.52529397883,65270945.0
2015-03-19,128.75,129.2451,127.4,127.495,45809490.0,0.0,1.0,122.79233750895,123.26452769381,121.50480620303,121.59541025789,45809490.0
2015-03-20,128.25,128.4,125.16,125.9,68695136.0,0.0,1.0,122.31547406231,122.45853309631,119.3684579621,120.07421586312,68695136.0
2015-03-23,127.12,127.85,126.52,127.21,37709674.0,0.0,1.0,121.23776267292,121.933983305,120.66552653695,121.32359809331,37709674.0
2015-03-24,127.23,128.04,126.56,126.69,32842304.0,0.0,1.0,121.34267263118,122.11519141473,120.70367561268,120.82766010881,32842304.0
2015-03-25,126.54,126.82,123.38,123.38,51655177.0,0.0,1.0,120.68460107482,120.95164460493,117.67082409207,117.67082409207,51655177.0
2015-03-26,122.76,124.88,122.6,124.24,47572869.0,0.0,1.0,117.07951341824,119.10141443198,116.92691711532,118.49102922029,47572869.0
2015-03-27,124.57,124.7,122.91,123.25,39546151.0,0.0,1.0,118.80575909507,118.92974359119,117.22257245223,117.54683959595,39546151.0
2015-03-30,124.05,126.4,124.0,126.37,47099670.0,0.0,1.0,118.30982111057,120.55107930976,118.2621347659,120.52246750296,47099670.0
2015-03-31,126.09,126.49,124.355,124.43,42090553.0,0.0,1.0,120.25542397284,120.63691473015,118.60070781301,118.67223733001,42090553.0
2015-04-01,124.82,125.12,123.1,124.25,40621437.0,0.0,1.0,119.04419081839,119.33030888637,117.40378056196,118.50056648922,40621437.0
2015-04-02,125.03,125.56,124.19,125.32,32220131.0,0.0,1.0,119.24447346597,119.74994871941,118.44334287562,119.52105426502,32220131.0
2015-04-06,124.47,127.51,124.33,127.35,37193975.0,0.0,1.0,118.71038640574,121.60971616129,118.57686464068,121.45711985837,37193975.0
2015-04-07,127.64,128.1218,125.98,126.01,35012268.0,0.0,1.0,121.73370065742,122.1932062746,120.15051401458,120.17912582138,35012268.0
2015-04-08,125.85,126.4,124.97,125.6,37329243.0,0.0,1.0,120.02652951846,120.55107930976,119.18724985238,119.78809779514,37329243.0
2015-04-09,125.85,126.58,124.66,126.56,32483974.0,0.0,1.0,120.02652951846,120.72275015055,118.89159451546,120.70367561268,32483974.0
2015-04-10,125.95,127.21,125.26,127.1,40187953.0,0.0,1.0,120.12190220779,121.32359809331,119.46383065143,121.21868813505,40187953.0
2015-04-13,128.37,128.57,126.61,126.85,36365123.0,0.0,1.0,122.42992128951,122.62066666816,120.75136195735,120.98025641173,36365123.0
2015-04-14,127.0,127.29,125.91,126.3,25524593.0,0.0,1.0,121.12331544572,121.39989624477,120.08375313205,120.45570662043,25524593.0
2015-04-15,126.41,127.13,126.01,126.78,28970419.0,0.0,1.0,120.56061657869,121.24729994185,120.17912582138,120.9134955292,28970419.0
2015-04-16,126.28,127.1,126.11,126.17,28368987.0,0.0,1.0,120.43663208257,121.21868813505,120.27449851071,120.33172212431,28368987.0
2015-04-17,125.55,126.14,124.46,124.75,51957046.0,0.0,1.0,119.74041145048,120.30311031751,118.70084913681,118.97742993586,51957046.0
2015-04-20,125.57,128.12,125.17,127.6,47054310.0,0.0,1.0,119.75948598834,122.19148956619,119.37799523103,121.69555158169,47054310.0
2015-04-21,128.1,128.2,126.67,126.91,32435057.0,0.0,1.0,122.17241502832,122.26778771765,120.80858557094,121.03748002533,32435057.0
2015-04-22,126.99,128.87,126.32,128.62,37654505.0,0.0,1.0,121.11377817679,122.90678473614,120.4747811583,122.66835301283,37654505.0
2015-04-23,128.3,130.42,128.14,129.67,45770902.0,0.0,1.0,122.36316040698,124.38506142072,122.21056410405,123.66976625076,45770902.0
2015-04-24,130.49,130.63,129.23,130.28,44525905.0,0.0,1.0,124.45182230325,124.5853440683,123.25012641772,124.25153965566,44525905.0
2015-04-27,132.31,133.13,131.15,132.65,96954207.0,0.0,1.0,126.187605249,126.96966130149,125.08128205281,126.51187239272,96954207.0
2015-04-28,134.455,134.54,129.57,130.56,118923970.0,0.0,1.0,128.23334943508,128.314416221,123.57439356144,124.51858318578,118923970.0
2015-04-29,130.16,131.59,128.3,128.64,63386083.0,0.0,1.0,124.13709242847,125.50092188585,122.36316040698,122.68742755069,63386083.0
2015-04-30,127.5,127.88,124.58,125.15,83195423.0,0.0,1.0,121.60017889236,121.9625951118,118.815296364,119.35892069317,83195423.0
2015-05-01,126.1,130.13,125.3,128.95,58512638.0,0.0,1.0,120.26496124178,124.10848062167,119.50197972716,122.98308288761,58512638.0
2015-05-04,129.5,130.57,128.26,128.7,50988278.0,0.0,1.0,123.50763267891,124.52812045471,122.32501133125,122.74465116429,50988278.0
2015-05-05,128.15,128.4498,125.78,125.8,49271416.0,0.0,1.0,122.22010137299,122.50602869559,119.95976863593,119.97884317379,49271416.0
2015-05-06,126.56,126.75,123.36,125.01,72141010.0,0.0,1.0,120.70367561268,120.8848837224,117.65174955421,119.22539892811,72141010.0
2015-05-07,124.77,126.08,124.02,125.26,43940895.0,0.52,1.0,119.49050241661,120.74507128866,118.77223779521,119.95976863593,43940895.0
2015-05-08,126.68,127.62,126.11,127.62,55550382.0,0.0,1.0,121.31968298579,122.21990797794,120.77380187352,122.21990797794,55550382.0
2015-05-11,127.39,127.56,125.625,126.32,42035757.0,0.0,1.0,121.99964016071,122.16244680823,120.30932408501,120.97491596751,42035757.0
2015-05-12,125.6,126.88,124.82,125.865,48160032.0,0.0,1.0,120.28538193096,121.51122021816,119.53838672471,120.53916876386,48160032.0
2015-05-13,126.15,127.19,125.87,126.01,34694235.0,0.0,1.0,120.81210931999,121.80810292834,120.54395719467,120.67803325733,34694235.0
2015-05-14,127.41,128.95,127.16,128.95,45203456.0,0.0,1.0,122.01879388395,123.49363057323,121.77937234348,123.49363057323,45203456.0
2015-05-15,129.07,129.49,128.21,128.77,38208034.0,0.0,1.0,123.60855291266,124.01078110064,122.78494281345,123.3212470641,38208034.0
2015-05-18,128.38,130.72,128.36,130.19,50882918.0,0.0,1.0,122.94774946097,125.18873507974,122.92859573773,124.68116141395,50882918.0
2015-05-19,130.69,130.88,129.64,130.07,44633240.0,0.0,1.0,125.16000449489,125.34196486564,124.15443402492,124.56623907453,44633240.0
2015-05-20,130.0,130.98,129.34,130.06,36454932.0,0.0,1.0,124.4992010432,125.43773348183,123.86712817636,124.55666221291,36454932.0
2015-05-21,130.07,131.63,129.83,131.39,39730364.0,0.0,1.0,124.56623907453,126.06022948705,124.33639439568,125.8303848082,39730364.0
2015-05-22,131.6,132.97,131.4,132.54,45595972.0,0.0,1.0,126.03149890219,127.34352894395,125.83996166982,126.93172389435,45595972.0
2015-05-26,132.6,132.91,129.12,129.62,70697560.0,0.0,1.0,126.98918506406,127.28606777424,123.65643722075,124.13528030169,70697560.0
2015-05-27,130.34,132.26,130.05,132.045,45833246.0,0.0,1.0,124.82481433823,126.66357176902,124.54708535129,126.45766924422,45833246.0
2015-05-28,131.86,131.95,131.1,131.78,30733309.0,0.0,1.0,126.28049730428,126.36668905884,125.55265582125,126.20388241133,30733309.0
2015-05-29,131.23,131.45,129.9,130.28,50884452.0,0.0,1.0,125.6771550223,125.88784597791,124.40343242701,124.76735316852,50884452.0
2015-06-01,131.2,131.39,130.05,130.535,32112797.0,0.0,1.0,125.64842443744,125.8303848082,124.54708535129,125.0115631398,32112797.0
2015-06-02,129.86,130.655,129.32,129.96,33667627.0,0.0,1.0,124.36512498053,125.12648547922,123.84797445312,124.46089359672,33667627.0
2015-06-03,130.66,130.94,129.9,130.12,30983542.0,0.0,1.0,125.13127391003,125.39942603535,124.40343242701,124.61412338262,30983542.0
2015-06-04,129.58,130.58,128.91,129.36,38450118.0,0.0,1.0,124.09697285521,125.05465901708,123.45532312676,123.8862818996,38450118.0
2015-06-05,129.5,129.69,128.36,128.65,35626800.0,0.0,1.0,124.02035796226,124.20231833302,122.92859573773,123.20632472467,35626800.0
2015-06-08,128.9,129.21,126.83,127.8,52674786.0,0.0,1.0,123.44574626514,123.74262897532,121.46333591007,122.39229148708,52674786.0
2015-06-09,126.7,128.08,125.62,127.42,56075420.0,0.0,1.0,121.33883670902,122.6604436124,120.3045356542,122.02837074557,56075420.0
2015-06-10,127.92,129.34,127.85,128.88,39087250.0,0.0,1.0,122.50721382651,123.86712817636,122.44017579517,123.4265925419,39087250.0
2015-06-11,129.18,130.18,128.475,128.59,35390887.0,0.0,1.0,123.71389839046,124.67158455233,123.03872964634,123.14886355496,35390887.0
2015-06-12,128.185,128.33,127.11,127.17,36886246.0,0.0,1.0,122.7610006594,122.89986515287,121.73148803539,121.7889492051,36886246.0
2015-06-15,126.1,127.24,125.71,126.92,43988946.0,0.0,1.0,120.7642250119,121.85598723643,120.39072740877,121.54952766463,43988946.0
2015-06-16,127.03,127.85,126.37,127.6,31494131.0,0.0,1.0,121.65487314244,122.44017579517,121.02280027561,122.20075425471,31494131.0
2015-06-17,127.72,127.88,126.74,127.3,32918071.0,0.0,1.0,122.31567659413,122.46890638003,121.3771441555,121.91344840615,32918071.0
2015-06-18,127.23,128.31,127.22,127.88,35407220.0,0.0,1.0,121.84641037481,122.88071142963,121.8368335132,122.46890638003,35407220.0
2015-06-19,127.71,127.82,126.4,126.6,54716887.0,0.0,1.0,122.30609973251,122.41144521032,121.05153086046,121.24306809284,54716887.0
2015-06-22,127.49,128.06,127.08,127.61,34039345.0,0.0,1.0,122.0954087769,122.64128988917,121.70275745053,122.21033111633,34039345.0
2015-06-23,127.48,127.61,126.8792,127.03,30268863.0,0.0,1.0,122.08583191528,122.21033111633,121.51045406923,121.65487314244,30268863.0
2015-06-24,127.21,129.8,127.12,128.11,55280855.0,0.0,1.0,121.82725665158,124.30766381082,121.74106489701,122.68917419726,55280855.0
2015-06-25,128.86,129.2,127.5,127.5,31938100.0,0.0,1.0,123.40743881866,123.7330521137,122.10498563852,122.10498563852,31938100.0
2015-06-26,127.67,127.99,126.51,126.75,44066841.0,0.0,1.0,122.26779228604,122.57425185784,121.15687633827,121.38672101712,44066841.0
2015-06-29,125.46,126.47,124.48,124.53,49161427.0,0.0,1.0,120.1513058683,121.11856889179,119.21277342967,119.26065773776,49161427.0
2015-06-30,125.57,126.12,124.86,125.425,44370682.0,0.0,1.0,120.25665134611,120.78337873514,119.57669417118,120.11778685264,44370682.0
2015-07-01,126.9,126.94,125.99,126.6,30238811.0,0.0,1.0,121.5303739414,121.56868138787,120.65887953409,121.24306809284,30238811.0
2015-07-02,126.43,126.69,125.77,126.44,27210952.0,0.0,1.0,121.08026144532,121.3292598474,120.44818857848,121.08983830694,27210952.0
2015-07-06,124.94,126.23,124.85,126.0,28060431.0,0.0,1.0,119.65330906413,120.88872421294,119.56711730956,120.66845639571,28060431.0
2015-07-07,125.89,126.15,123.77,125.69,46946811.0,0.0,1.0,120.56311091791,120.81210931999,118.53281625474,120.37157368553,46946811.0
2015-07-08,124.48,124.64,122.54,122.57,60761614.0,0.0,1.0,119.21277342967,119.36600321557,117.35486227564,117.3835928605,60761614.0
2015-07-09,123.85,124.06,119.22,120.07,78595038.0,0.0,1.0,118.60943114769,118.81054524168,114.17534421823,114.98937745582,78595038.0
2015-07-10,121.94,123.85,121.21,123.28,61354474.0,0.0,1.0,116.78025057852,118.60943114769,116.08113968035,118.06355003542,61354474.0
2015-07-13,125.03,125.755,124.32,125.66,41440538.0,0.0,1.0,119.7395008187,120.43382328605,119.05954364377,120.34284310068,41440538.0
2015-07-14,126.04,126.37,125.04,125.61,31768139.0,0.0,1.0,120.70676384219,121.02280027561,119.74907768032,120.29495879258,31768139.0
2015-07-15,125.72,127.15,125.58,126.82,33649200.0,0.0,1.0,120.40030427039,121.76979548186,120.26622820773,121.45375904845,33649200.0
2015-07-16,127.74,128.57,127.35,128.51,36222447.0,0.0,1.0,122.33483031737,123.12970983172,121.96133271424,123.07224866201,36222447.0
2015-07-17,129.08,129.62,128.31,129.62,46164710.0,0.0,1.0,123.61812977428,124.13528030169,122.88071142963,124.13528030169,46164710.0
2015-07-20,130.97,132.97,130.7,132.07,58900203.0,0.0,1.0,125.42815662021,127.34352894395,125.16958135651,126.48161139827,58900203.0
2015-07-21,132.85,132.92,130.32,130.75,76756427.0,0.0,1.0,127.22860660453,127.29564463586,124.80566061499,125.2174656646,76756427.0
2015-07-22,121.99,125.5,121.99,125.22,115450607.0,0.0,1.0,116.82813488661,120.18961331478,116.82813488661,119.92146118945,115450607.0
2015-07-23,126.2,127.09,125.06,125.16,50999452.0,0.0,1.0,120.85999362809,121.71233431215,119.76823140355,119.86400001974,50999452.0
2015-07-24,125.32,125.74,123.9,124.5,42162332.0,0.0,1.0,120.01722980564,120.41945799363,118.65731545578,119.23192715291,42162332.0
2015-07-27,123.09,123.61,122.12,122.77,44455540.0,0.0,1.0,117.88158966467,118.37958646884,116.95263408765,117.57513009287,44455540.0
2015-07-28,123.38,123.91,122.55,123.38,33618097.0,0.0,1.0,118.15931865161,118.6668923174,117.36443913726,118.15931865161,33618097.0
2015-07-29,123.15,123.5,122.27,122.99,37011653.0,0.0,1.0,117.93905083438,118.27424099104,117.09628701194,117.78582104848,37011653.0
2015-07-30,122.32,122.5699,121.71,122.37,33628268.0,0.0,1.0,117.14417132003,117.38349709188,116.55998276129,117.19205562812,33628268.0
2015-07-31,122.6,122.6425,120.91,121.3,42884953.0,0.0,1.0,117.41232344535,117.45302510723,115.79383383179,116.16733143492,42884953.0
2015-08-03,121.5,122.57,117.52,118.44,69975968.0,0.0,1.0,116.35886866729,117.3835928605,112.54727774305,113.42834901197,69975968.0
2015-08-04,117.42,117.7,113.25,114.64,124138623.0,0.0,1.0,112.45150912686,112.71966125219,108.45795783186,109.78914159686,124138623.0
2015-08-05,112.95,117.44,112.1,115.4,98384461.0,0.0,1.0,108.1706519833,112.4706628501,107.35661874571,110.51698307988,98384461.0
2015-08-06,115.97,116.5,114.115,115.13,52903040.0,0.52,1.0,111.56449443084,112.07436062078,109.77996276602,110.75640462035,52903040.0
2015-08-07,114.58,116.25,114.5,115.52,38670405.0,0.0,1.0,110.22729819682,111.833857701,110.15033726249,111.13158917522,38670405.0
2015-08-10,116.53,119.99,116.53,119.72,54951597.0,0.0,1.0,112.10322097116,115.43178138101,112.10322097116,115.17203822764,54951597.0
2015-08-11,117.81,118.18,113.33,113.49,97082814.0,0.0,1.0,113.33459592047,113.69054024175,109.02478359788,109.17870546655,97082814.0
2015-08-12,112.53,115.42,109.63,115.24,101685610.0,0.0,1.0,108.25517425457,111.0353880073,105.46534038504,110.86222590506,101685610.0
2015-08-13,116.04,116.4,114.54,115.15,48535789.0,0.0,1.0,111.63183524838,111.97815945287,110.18881772965,110.77564485393,48535789.0
2015-08-14,114.32,116.31,114.01,115.96,42929516.0,0.0,1.0,109.97717516024,111.89157840175,109.6789515397,111.55487431404,42929516.0
2015-08-17,116.04,117.65,115.5,117.16,40884745.0,0.0,1.0,111.63183524838,113.1806740518,111.11234894164,112.70928832902,40884745.0
2015-08-18,116.43,117.44,116.01,116.5,34560708.0,0.0,1.0,112.00701980324,112.97865159918,111.602974898,112.07436062078,34560708.0
2015-08-19,116.1,116.52,114.68,115.01,48286510.0,0.0,1.0,111.68955594913,112.09360085437,110.32349936473,110.64096321885,48286510.0
2015-08-20,114.08,114.35,111.63,112.65,68501622.0,0.0,1.0,109.74629235725,110.00603551062,107.38936374333,108.37061565606,68501622.0
2015-08-21,110.43,111.9,105.645,105.76,128275471.0,0.0,1.0,106.23494972835,107.6491068967,101.63172384363,101.74235518673,128275471.0
2015-08-24,94.87,108.8,92.0,103.12,162206292.0,0.0,1.0,91.266048000805,104.66687069134,88.505074481649,99.202644353779,162206292.0
2015-08-25,111.11,111.11,103.5,103.74,103601599.0,0.0,1.0,106.88911767017,106.88911767017,99.568208791856,99.799091594851,103601599.0
2015-08-26,107.085,109.89,105.05,109.69,96774611.0,0.0,1.0,103.0170206616,105.71546342161,101.05932689454,105.52306108578,96774611.0
2015-08-27,112.25,113.24,110.02,112.92,84616056.0,0.0,1.0,107.9858109844,108.93820254676,105.8405249399,108.63035880943,84616056.0
2015-08-28,112.17,113.31,111.54,113.29,53164407.0,0.0,1.0,107.90885005007,109.0055433643,107.30278269221,108.98630313072,53164407.0
2015-08-31,112.13,114.53,112.0,112.76,56229271.0,0.0,1.0,107.87036958291,110.17919761286,107.74530806462,108.47643694077,56229271.0
2015-09-01,110.18,111.88,107.36,107.72,76845860.0,0.0,1.0,105.99444680857,107.62986666312,103.28157387337,103.62789807786,76845860.0
2015-09-02,110.0,112.34,109.131,112.34,61888812.0,0.0,1.0,105.82128470632,108.07239203553,104.98529655714,108.07239203553,61888812.0
2015-09-03,112.49,112.78,110.04,110.37,53233940.0,0.0,1.0,108.2166937874,108.49567717435,105.85976517349,106.1772290276,53233940.0
2015-09-04,108.97,110.45,108.51,109.27,49996311.0,0.0,1.0,104.8304126768,106.25418996194,104.38788730439,105.11901618054,49996311.0
2015-09-08,111.65,112.56,110.32,112.31,54843626.0,0.0,1.0,107.40860397691,108.28403460494,106.12912844365,108.04353168515,54843626.0
2015-09-09,113.76,114.02,109.77,110.15,85010804.0,0.0,1.0,109.43844861992,109.6885716565,105.60002202012,105.96558645819,85010804.0
2015-09-10,110.27,113.2825,109.9,112.57,62892831.0,0.0,1.0,106.08102785969,108.97908804312,105.72508353841,108.29365472173,62892831.0
2015-09-11,111.79,114.21,111.76,114.21,49915473.0,0.0,1.0,107.543285612,109.87135387553,107.51442526162,109.87135387553,49915473.0
2015-09-14,116.58,116.89,114.86,115.31,58363431.0,0.0,1.0,112.15132155512,112.44954517565,110.49666146698,110.9295667226,58363431.0
2015-09-15,115.93,116.53,114.42,116.28,43341155.0,0.0,1.0,111.52601396367,112.10322097116,110.07337632816,111.86271805137,43341155.0
2015-09-16,116.25,116.54,115.44,116.41,37173489.0,0.0,1.0,111.833857701,112.11284108795,111.05462824089,111.98777956966,37173489.0
2015-09-17,115.66,116.49,113.715,113.92,64112641.0,0.0,1.0,111.2662708103,112.06474050399,109.39515809436,109.59237048858,64112641.0
2015-09-18,112.21,114.3,111.87,113.45,74285291.0,0.0,1.0,107.94733051724,109.95793492666,107.62024654633,109.14022499938,74285291.0
2015-09-21,113.67,115.37,113.66,115.21,50221965.0,0.0,1.0,109.35186756879,110.98728742335,109.342247452,110.83336555468,50221965.0
2015-09-22,113.38,114.18,112.5201,113.4,50346159.0,0.0,1.0,109.07288418184,109.84249352516,108.24565033894,109.09212441542,50346159.0
2015-09-23,113.63,114.72,113.3,114.32,35756716.0,0.0,1.0,109.31338710163,110.3619798319,108.99592324751,109.97717516024,35756716.0
2015-09-24,113.25,115.5,112.37,115.0,50219475.0,0.0,1.0,108.94782266355,111.11234894164,108.1012523859,110.63134310206,50219475.0
2015-09-25,116.44,116.69,114.02,114.71,56151926.0,0.0,1.0,112.01663992004,112.25714283982,109.6885716565,110.35235971511,56151926.0
2015-09-28,113.85,114.57,112.44,112.44,50782189.0,0.0,1.0,109.52502967104,110.21767808003,108.16859320344,108.16859320344,50782189.0
2015-09-29,112.83,113.51,107.86,109.06,73365384.0,0.0,1.0,108.54377775831,109.19794570013,103.76257971294,104.91699372792,73365384.0
2015-09-30,110.17,111.54,108.73,109.95,65041596.0,0.0,1.0,105.98482669178,107.30278269221,104.5995298738,105.77318412236,65041596.0
2015-10-01,109.07,109.62,107.31,109.58,63929100.0,0.0,1.0,104.92661384471,105.45572026824,103.23347328941,105.41723980108,63929100.0
2015-10-02,108.01,111.0136,107.55,110.38,58019758.0,0.0,1.0,103.90688146481,106.7963797443,103.46435609241,106.1868491444,58019758.0
2015-10-05,109.88,111.3698,109.07,110.78,52064743.0,0.0,1.0,105.70584330482,107.13904830442,104.92661384471,106.57165381606,52064743.0
2015-10-06,110.63,111.74,109.765,111.31,48856977.0,0.0,1.0,106.42735206418,107.49518502804,105.59521196172,107.081520006,48856977.0
2015-10-07,111.74,111.77,109.41,110.78,46765550.0,0.0,1.0,107.49518502804,107.52404537841,105.25369781562,106.57165381606,46765550.0
2015-10-08,110.19,110.19,108.21,109.5,61979577.0,0.0,1.0,106.00406692536,106.00406692536,104.09928380064,105.34027886675,61979577.0
2015-10-09,110.0,112.28,109.49,112.12,52766140.0,0.0,1.0,105.82128470632,108.01467133478,105.33065874995,107.86074946611,52766140.0
2015-10-12,112.73,112.75,111.44,111.6,30467204.0,0.0,1.0,108.4475765904,108.46681682398,107.20658152429,107.36050339296,30467204.0
2015-10-13,110.82,112.45,110.68,111.79,33049256.0,0.0,1.0,106.61013428322,108.17821332023,106.47545264814,107.543285612,33049256.0
2015-10-14,111.29,111.52,109.56,110.21,44462449.0,0.0,1.0,107.06227977242,107.28354245863,105.39799956749,106.02330715894,44462449.0
2015-10-15,110.93,112.1,110.49,111.86,37673452.0,0.0,1.0,106.71595556793,107.84150923253,106.2926704291,107.61062642954,37673452.0
2015-10-16,111.78,112.0,110.53,111.04,39232609.0,0.0,1.0,107.5336654952,107.74530806462,106.33115089627,106.82177685263,39232609.0
2015-10-19,110.8,111.75,110.11,111.73,29759153.0,0.0,1.0,106.59089404964,107.50480514483,105.92710599103,107.48556491125,29759153.0
2015-10-20,111.34,114.17,110.82,113.77,48967763.0,0.0,1.0,107.11038035638,109.83287340837,106.61013428322,109.44806873671,48967763.0
2015-10-21,114.0,115.58,113.7,113.76,42326974.0,0.0,1.0,109.66933142291,111.18930987597,109.38072791917,109.43844861992,42326974.0
2015-10-22,114.33,115.5,114.1,115.5,41654089.0,0.0,1.0,109.98679527703,111.11234894164,109.76553259083,111.11234894164,41654089.0
2015-10-23,116.7,119.228,116.33,119.08,59366914.0,0.0,1.0,112.26676295661,114.6987284815,111.91081863533,114.55635075299,59366914.0
2015-10-26,118.08,118.13,114.92,115.28,66333781.0,0.0,1.0,113.59433907384,113.6424396578,110.55438216773,110.90070637222,66333781.0
2015-10-27,115.4,116.54,113.99,114.55,69884400.0,0.0,1.0,111.01614777372,112.11284108795,109.65971130612,110.19843784645,69884400.0
2015-10-28,116.93,119.3,116.06,119.27,85551352.0,0.0,1.0,112.48802564282,114.7679933224,111.65107548196,114.73913297203,85551352.0
2015-10-29,118.7,120.69,118.27,120.53,51227334.0,0.0,1.0,114.19078631491,116.10518955642,113.77712129288,115.95126768775,51227334.0
2015-10-30,120.99,121.22,119.45,119.5,49365254.0,0.0,1.0,116.39379306016,116.61505574636,114.91229507427,114.96039565823,49365254.0
2015-11-02,119.87,121.36,119.61,121.18,32203267.0,0.0,1.0,115.31633997951,116.74973738145,115.06621694294,116.5765752792,32203267.0
2015-11-03,120.79,123.49,120.7,122.57,45518976.0,0.0,1.0,116.20139072433,118.79882225803,116.11480967321,117.91377151321,45518976.0
2015-11-04,123.13,123.82,121.62,122.0,44886050.0,0.0,1.0,118.45249805354,119.11628611215,116.99986041802,117.3654248561,44886050.0
2015-11-05,121.85,122.69,120.18,120.92,39552680.0,0.52,1.0,117.72521658764,118.53678147836,116.111748293,116.82669831578,39552680.0
2015-11-06,121.11,121.81,120.62,121.06,33042283.0,0.0,1.0,117.01026656487,117.68657064046,116.53685371195,116.9619591309,33042283.0
2015-11-09,120.96,121.81,120.05,120.57,33871405.0,0.0,1.0,116.86534426295,117.68657064046,115.98614896468,116.48854627798,33871405.0
2015-11-10,116.9,118.07,116.061,116.77,59127931.0,0.0,1.0,112.9427806245,114.07317457942,112.13218188246,112.81718129617,59127931.0
2015-11-11,116.37,117.42,115.21,116.11,45217971.0,0.0,1.0,112.4307218244,113.4451779378,111.30998935627,112.17952316775,45217971.0
2015-11-12,116.26,116.82,115.65,115.72,32525579.0,0.0,1.0,112.32444546967,112.86548873014,111.73509477522,111.80272518278,32525579.0
2015-11-13,115.2,115.57,112.27,112.34,45812403.0,0.0,1.0,111.30032786948,111.65780288087,108.46951223877,108.53714264633,45812403.0
2015-11-16,111.38,114.24,111.0,114.175,38106701.0,0.0,1.0,107.60963991409,110.37282513723,107.24250341591,110.31002547307,38106701.0
2015-11-17,114.92,115.05,113.32,113.69,27583101.0,0.0,1.0,111.02980623924,111.15540556757,109.48396835217,109.84144336355,27583101.0
2015-11-18,115.76,117.49,115.5,117.29,46674697.0,0.0,1.0,111.84137112996,113.51280834536,111.59017247331,113.31957860947,46674697.0
2015-11-19,117.64,119.75,116.76,118.78,43295820.0,0.0,1.0,113.65773064727,115.69630436085,112.80751980938,114.75914014181,43295820.0
2015-11-20,119.2,119.92,118.85,119.3,34287096.0,0.0,1.0,115.16492258717,115.86054963635,114.82677054937,115.26153745511,34287096.0
2015-11-23,119.27,119.73,117.34,117.75,32482528.0,0.0,1.0,115.23255299473,115.67698138726,113.36788604344,113.76400700201,32482528.0
2015-11-24,117.33,119.35,117.12,118.88,42803172.0,0.0,1.0,113.35822455665,115.30984488908,113.15533333397,114.85575500976,42803172.0
2015-11-25,119.21,119.23,117.92,118.03,21388308.0,0.0,1.0,115.17458407396,115.19390704755,113.92825227751,114.03452863225,21388308.0
2015-11-27,118.29,118.41,117.6,117.81,13046445.0,0.0,1.0,114.2857272889,114.40166513043,113.61908470009,113.82197592277,13046445.0
2015-11-30,117.99,119.41,117.75,118.3,39180322.0,0.0,1.0,113.99588268507,115.36781380985,113.76400700201,114.29538877569,39180322.0
2015-12-01,118.75,118.81,116.86,117.34,34852374.0,0.0,1.0,114.73015568143,114.7881246022,112.90413467732,113.36788604344,34852374.0
2015-12-02,117.05,118.11,116.08,116.28,33386563.0,0.0,1.0,113.08770292641,114.1118205266,112.15053870737,112.34376844326,33386563.0
2015-12-03,116.55,116.79,114.22,115.2,41569509.0,0.0,1.0,112.6046285867,112.83650426976,110.35350216365,111.30032786948,41569509.0
2015-12-04,115.29,119.25,115.11,119.03,57776977.0,0.0,1.0,111.38728125063,115.21323002114,111.21337448833,115.00067731167,57776977.0
2015-12-07,118.98,119.86,117.81,118.28,32084249.0,0.0,1.0,114.9523698777,115.80258071559,113.82197592277,114.2760658021,32084249.0
2015-12-08,117.52,118.6,116.86,118.23,34309450.0,0.0,1.0,113.54179280574,114.58523337952,112.90413467732,114.22775836813,34309450.0
2015-12-09,117.64,117.69,115.08,115.62,46361357.0,0.0,1.0,113.65773064727,113.70603808124,111.18439002795,111.70611031484,46361357.0
2015-12-10,116.04,116.94,115.51,116.17,29212727.0,0.0,1.0,112.1118927602,112.98142657168,111.5998339601,112.23749208852,29212727.0
2015-12-11,115.19,115.39,112.851,113.18,46886161.0,0.0,1.0,111.29066638269,111.48389611857,109.03084462152,109.34870753705,46886161.0
2015-12-14,112.18,112.68,109.79,112.48,65003609.0,0.0,1.0,108.38255885762,108.86563319734,106.0734635138,108.67240346145,65003609.0
2015-12-15,111.94,112.8,110.35,110.49,53323105.0,0.0,1.0,108.15068317456,108.98157103887,106.61450677428,106.7497675894,53323105.0
2015-12-16,111.07,111.99,108.8,111.34,56238467.0,0.0,1.0,107.31013382346,108.19899060853,105.11697632118,107.57099396691,56238467.0
2015-12-17,112.02,112.25,108.98,108.98,44772827.0,0.0,1.0,108.22797506892,108.45018926518,105.29088308347,105.29088308347,44772827.0
2015-12-18,108.91,109.52,105.81,106.03,96453327.0,0.0,1.0,105.22325267591,105.81260337036,102.2281917697,102.44074447918,96453327.0
2015-12-21,107.28,107.37,105.57,107.33,47590610.0,0.0,1.0,103.64843032845,103.7353837096,101.99631608664,103.69673776242,47590610.0
2015-12-22,107.4,107.72,106.451,107.23,32789367.0,0.0,1.0,103.76436816998,104.0735357474,102.84749307321,103.60012289448,32789367.0
2015-12-23,107.27,108.85,107.2,108.61,32657354.0,0.0,1.0,103.63876884166,105.16528375515,103.5711384341,104.93340807209,32657354.0
2015-12-24,109.0,109.0,107.95,108.03,13596680.0,0.0,1.0,105.31020605706,105.31020605706,104.29574994367,104.37304183802,13596680.0
2015-12-28,107.59,107.69,106.1807,106.82,26704210.0,0.0,1.0,103.94793641907,104.04455128702,102.58634308516,103.20400193592,26704210.0
2015-12-29,106.96,109.43,106.86,108.74,30931243.0,0.0,1.0,103.33926275104,105.72564998921,103.2426478831,105.05900740041,30931243.0
2015-12-30,108.58,108.7,107.18,107.32,25213777.0,0.0,1.0,104.9044236117,105.02036145323,103.55181546051,103.68707627563,25213777.0
2015-12-31,107.01,107.03,104.82,105.26,40912316.0,0.0,1.0,103.38757018501,103.4068931586,101.27170457707,101.69680999602,40912316.0
2016-01-04,102.61,105.368,102.0,105.35,67649387.0,0.0,1.0,99.13651599555,101.8011540534,98.547165301102,101.78376337717,67649387.0
2016-01-05,105.75,105.85,102.41,102.71,55790992.0,0.0,1.0,102.17022284894,102.26683771688,98.943286259665,99.233130863492,55790992.0
2016-01-06,100.56,102.37,99.87,100.7,68457388.0,0.0,1.0,97.155911202734,98.904640312489,96.489268613932,97.291172017853,68457388.0
2016-01-07,98.68,100.13,96.43,96.45,81094428.0,0.0,1.0,95.339551685419,96.740467270582,93.165717156719,93.185040130307,81094428.0
2016-01-08,98.55,99.11,96.76,96.96,70798016.0,0.0,1.0,95.213952357094,95.754995617571,93.484546220928,93.677775956812,70798016.0
2016-01-11,98.97,99.06,97.34,98.53,49739377.0,0.0,1.0,95.619734802452,95.7066881836,94.044912454993,95.194629383506,49739377.0
2016-01-12,100.55,100.69,98.8399,99.96,49154227.0,0.0,1.0,97.14624971594,97.281510531059,95.494038859259,96.57622199508,49154227.0
2016-01-13,100.32,101.19,97.3,97.39,62439631.0,0.0,1.0,96.924035519672,97.76458487077,94.006266507816,94.093219888964,62439631.0
2016-01-14,97.96,100.48,95.74,99.52,63170127.0,0.0,1.0,94.643924636235,97.07861930838,92.499074567917,96.151116576134,63170127.0
2016-01-15,96.2,97.71,95.36,97.13,79833891.0,0.0,1.0,92.943502960451,94.402387466379,92.131938069736,93.842021232314,79833891.0
2016-01-19,98.41,98.65,95.5,96.66,53087747.0,0.0,1.0,95.078691541975,95.310567225037,92.267198884856,93.387931352986,53087747.0
2016-01-20,95.1,98.1897,93.42,96.79,72334416.0,0.0,1.0,91.880739413086,94.865848987898,90.257609631657,93.513530681311,72334416.0
2016-01-21,97.06,97.88,94.94,96.3,52161463.0,0.0,1.0,93.774390824755,94.566632741881,91.726155624379,93.040117828394,52161463.0
2016-01-22,98.63,101.46,98.37,101.42,65800467.0,0.0,1.0,95.291244251448,98.025445014214,95.040045594798,97.986799067037,65800467.0
2016-01-25,101.52,101.53,99.21,99.44,51794525.0,0.0,1.0,98.083413934979,98.093075421774,95.851610485513,96.07382468178,51794525.0
2016-01-26,99.93,100.88,98.07,99.99,75077002.0,0.0,1.0,96.547237534698,97.465078780149,94.750200990972,96.605206455463,75077002.0
2016-01-27,96.04,96.6289,93.34,93.42,133369674.0,0.0,1.0,92.788919171744,93.357884129056,90.180317737303,90.257609631657,133369674.0
2016-01-28,93.79,94.52,92.39,94.09,55678825.0,0.0,1.0,90.615084643043,91.320373179021,89.262476491851,90.90492924687,55678825.0
2016-01-29,94.79,97.34,94.35,97.34,64416504.0,0.0,1.0,91.581233322465,94.044912454993,91.15612790352,94.044912454993,64416504.0
2016-02-01,96.47,96.71,95.4,96.43,40943541.0,0.0,1.0,93.204363103895,93.436238786957,92.170584016913,93.165717156719,40943541.0
2016-02-02,95.42,96.04,94.28,94.48,37357215.0,0.0,1.0,92.189906990502,92.788919171744,91.08849749596,91.281727231844,37357215.0
2016-02-03,95.0,96.84,94.08,96.35,45964294.0,0.0,1.0,91.784124545144,93.561838115282,90.895267760075,93.088425262365,45964294.0
2016-02-04,95.86,97.33,95.19,96.6,46471652.0,0.52,1.0,93.113561130492,94.54144486575,92.462756979048,93.83235974552,46471652.0
2016-02-05,96.52,96.92,93.69,94.02,46418064.0,0.0,1.0,93.754651787139,94.143191579046,91.005732759397,91.32627808772,46418064.0
2016-02-08,93.13,95.7,93.04,95.01,54021375.0,0.0,1.0,90.461777050728,92.95814521373,90.374355597549,92.28791407269,54021375.0
2016-02-09,94.29,95.94,93.93,94.99,44331195.0,0.0,1.0,91.588542447258,93.191269088874,91.238856634541,92.268487083095,44331195.0
2016-02-10,95.92,96.35,94.1,94.27,42343601.0,0.0,1.0,93.171842099278,93.589522375578,91.403986046102,91.569115457662,42343601.0
2016-02-11,93.79,94.72,92.59,93.7,50074711.0,0.0,1.0,91.102867707374,92.006222723558,89.937248331653,91.015446254195,50074711.0
2016-02-12,94.19,94.5,93.01,93.99,40351381.0,0.0,1.0,91.491407499281,91.792525838009,90.345215113156,91.297137603327,40351381.0
2016-02-16,95.02,96.85,94.61,96.64,49057916.0,0.0,1.0,92.297627567488,94.075197115462,91.899374280783,93.871213724711,49057916.0
2016-02-17,96.67,98.21,96.15,98.12,44863243.0,0.0,1.0,93.900354209104,95.396232407945,93.395252479625,95.308810954766,44863243.0
2016-02-18,98.84,98.89,96.091,96.26,39020983.0,0.0,1.0,96.008182580199,96.056750054187,93.337942860319,93.502100922399,39020983.0
2016-02-19,96.0,96.7599,95.8,96.04,35374173.0,0.0,1.0,93.24955005766,93.987678527335,93.055280161706,93.28840403685,35374173.0
2016-02-22,96.31,96.9,95.92,96.88,34280758.0,0.0,1.0,93.550668396388,94.12376458945,93.171842099278,94.104337599855,34280758.0
2016-02-23,96.4,96.5,94.55,94.69,31942633.0,0.0,1.0,93.638089849567,93.735224797543,91.841093311997,91.977082239165,31942633.0
2016-02-24,93.98,96.38,93.32,96.1,36255745.0,0.0,1.0,91.28742410853,93.618662859971,90.646333451883,93.346685005636,36255745.0
2016-02-25,96.05,96.76,95.25,96.76,27582659.0,0.0,1.0,93.298117531648,93.987775662283,92.521037947834,93.987775662283,27582659.0
2016-02-26,97.2,98.0237,96.58,96.91,28991131.0,0.0,1.0,94.41516943338,95.215269999865,93.812932755925,94.133478084248,28991131.0
2016-02-29,96.86,98.23,96.65,96.69,35216277.0,0.0,1.0,94.08491061026,95.415659397541,93.880927219508,93.919781198699,35216277.0
2016-03-01,97.65,100.77,97.42,100.53,50407147.0,0.0,1.0,94.852276699276,97.88288707615,94.628866318929,97.649763201006,50407147.0
2016-03-02,100.51,100.89,99.64,100.75,33169560.0,0.0,1.0,97.63033621141,97.999449013722,96.785262164013,97.863460086554,33169560.0
2016-03-03,100.58,101.7099,100.45,101.5,36955742.0,0.0,1.0,97.698330674994,98.795858452183,97.572055242624,98.59197219638,36955742.0
2016-03-04,102.37,103.75,101.37,103.01,46055100.0,0.0,1.0,99.437046243777,100.77750852586,98.46569676401,100.05870991083,46055100.0
2016-03-07,102.39,102.83,100.96,101.87,35915810.0,0.0,1.0,99.456473233373,99.88386700447,98.067443477305,98.951371503894,35915810.0
2016-03-08,100.78,101.76,100.4,101.03,31182194.0,0.0,1.0,97.892600570947,98.844523061119,97.523487768636,98.135437940889,31182194.0
2016-03-09,101.31,101.58,100.27,101.12,27201683.0,0.0,1.0,98.407415795224,98.669680154761,97.397212336266,98.222859394068,27201683.0
2016-03-10,101.41,102.24,100.15,101.17,33513577.0,0.0,1.0,98.504550743201,99.310770811408,97.280650398694,98.271426868057,33513577.0
2016-03-11,102.24,102.28,101.5,102.26,27408237.0,0.0,1.0,99.310770811408,99.349624790598,98.59197219638,99.330197801003,27408237.0
2016-03-14,101.91,102.91,101.78,102.52,25076062.0,0.0,1.0,98.990225483084,99.961574962852,98.863950050715,99.582748665742,25076062.0
2016-03-15,103.96,105.18,103.85,104.58,40067734.0,0.0,1.0,100.98149191661,102.16653828192,100.87464347383,101.58372859406,40067734.0
2016-03-16,104.61,106.31,104.59,105.97,38303493.0,0.0,1.0,101.61286907846,103.26416319406,101.59344208886,102.93390437094,38303493.0
2016-03-17,105.52,106.47,104.96,105.8,34420705.0,0.0,1.0,102.49679710504,103.41957911082,101.95284139637,102.76877495938,34420705.0
2016-03-18,106.34,106.5,105.19,105.92,44205171.0,0.0,1.0,103.29330367845,103.44871959522,102.17625177672,102.88533689695,44205171.0
2016-03-21,105.93,107.65,105.1401,105.91,35502678.0,0.0,1.0,102.89505039175,104.56577149695,102.12778143768,102.87562340215,35502678.0
2016-03-22,105.25,107.29,105.21,106.72,32444375.0,0.0,1.0,102.23453274551,104.21608568423,102.19567876632,103.66241648077,32444375.0
2016-03-23,106.48,107.07,105.9,106.13,25703495.0,0.0,1.0,103.42929260562,104.00238879868,102.86590990736,103.0893202877,25703495.0
2016-03-24,105.47,106.25,104.89,105.67,26132955.0,0.0,1.0,102.44822963106,103.20588222527,101.88484693279,102.64249952701,26132955.0
2016-03-28,106.0,106.19,105.06,105.19,19411372.0,0.0,1.0,102.96304485533,103.14760125649,102.04997634435,102.17625177672,19411372.0
2016-03-29,104.89,107.79,104.88,107.68,31190083.0,0.0,1.0,101.88484693279,104.70176042412,101.87513343799,104.59491198134,31190083.0
2016-03-30,108.65,110.42,108.6,109.56,45601149.0,0.0,1.0,105.53712097672,107.2564095559,105.48855350273,106.4210490033,45601149.0
2016-03-31,109.72,109.9,108.88,108.99,25888449.0,0.0,1.0,106.57646492007,106.75130782643,105.76053135706,105.86737979984,25888449.0
2016-04-01,108.78,110.0,108.2,109.99,25873950.0,0.0,1.0,105.66339640909,106.8484427744,105.10001371082,106.8387292796,25873950.0
2016-04-04,110.42,112.19,110.27,111.12,37356204.0,0.0,1.0,107.2564095559,108.97569813509,107.11070713394,107.93635419174,37356204.0
2016-04-05,109.51,110.73,109.42,109.81,26578652.0,0.0,1.0,106.37248152932,107.55752789463,106.28506007614,106.66388637325,26578652.0
2016-04-06,110.23,110.98,109.2,110.96,26404077.0,0.0,1.0,107.07185315475,107.80036526457,106.07136319059,107.78093827498,26404077.0
2016-04-07,109.95,110.42,108.121,108.54,31801870.0,0.0,1.0,106.79987530041,107.2564095559,105.02327710192,105.43027253394,31801870.0
2016-04-08,108.91,109.77,108.17,108.66,23581740.0,0.0,1.0,105.78967184146,106.62503239406,105.07087322643,105.54683447151,23581740.0
2016-04-11,108.97,110.61,108.83,109.02,29407518.0,0.0,1.0,105.84795281024,107.44096595706,105.71196388307,105.89652028423,29407518.0
2016-04-12,109.34,110.5,108.66,110.44,27232325.0,0.0,1.0,106.20735211776,107.33411751429,105.54683447151,107.2758365455,27232325.0
2016-04-13,110.8,112.34,110.8,112.04,33257316.0,0.0,1.0,107.62552235822,109.12140055706,107.62552235822,108.82999571313,33257316.0
2016-04-14,111.62,112.39,111.33,112.1,25473923.0,0.0,1.0,108.42202893162,109.16996803105,108.14033758249,108.88827668191,25473923.0
2016-04-15,112.11,112.3,109.73,109.85,46938969.0,0.0,1.0,108.89799017671,109.08254657787,106.58617841486,106.70274035244,46938969.0
2016-04-18,108.89,108.95,106.94,107.48,60821461.0,0.0,1.0,105.77024485186,105.82852582065,103.87611336631,104.40064208539,60821461.0
2016-04-19,107.88,108.0,106.23,106.91,32384879.0,0.0,1.0,104.7891818773,104.90574381487,103.18645523568,103.84697288192,32384879.0
2016-04-20,106.64,108.09,106.06,107.13,30611030.0,0.0,1.0,103.58470852238,104.99316526805,103.02132582412,104.06066976747,30611030.0
2016-04-21,106.93,106.93,105.52,105.97,31552525.0,0.0,1.0,103.86639987152,103.86639987152,102.49679710504,102.93390437094,31552525.0
2016-04-22,105.01,106.48,104.62,105.68,33683121.0,0.0,1.0,102.00140887036,103.42929260562,101.62258257325,102.65221302181,33683121.0
2016-04-25,105.0,105.65,104.51,105.08,28031588.0,0.0,1.0,101.99169537557,102.62307253741,101.51573413048,102.06940333395,28031588.0
2016-04-26,103.91,105.3,103.91,104.35,56016165.0,0.0,1.0,100.93292444262,102.2831002195,100.93292444262,101.36031821372,56016165.0
2016-04-27,96.0,98.71,95.68,97.82,114602142.0,0.0,1.0,93.24955005766,95.881907147829,92.938718224134,95.017406110836,114602142.0
2016-04-28,97.61,97.88,94.25,94.83,82242690.0,0.0,1.0,94.813422720085,95.075687079622,91.549688468067,92.113071166332,82242690.0
2016-04-29,93.99,94.72,92.51,93.74,68531478.0,0.0,1.0,91.297137603327,92.006222723558,89.859540373272,91.054300233386,68531478.0
2016-05-02,93.965,94.08,92.4,93.64,48160104.0,0.0,1.0,91.272853866333,91.384559056507,89.752691930497,90.957165285409,48160104.0
2016-05-03,94.2,95.74,93.68,95.18,56831277.0,0.0,1.0,91.501120994079,92.99699919292,90.9960192646,92.453043484251,56831277.0
2016-05-04,95.2,95.9,93.82,94.19,41025475.0,0.0,1.0,92.472470473846,93.152415109683,91.132008191767,91.491407499281,41025475.0
2016-05-05,94.0,94.07,92.68,93.24,35890500.0,0.57,1.0,91.865033263783,91.933443394937,90.575013647738,91.122294696969,35890500.0
2016-05-06,93.37,93.45,91.85,92.72,43699886.0,0.0,1.0,91.249342083398,91.327525090431,89.763864949771,90.614105151255,43699886.0
2016-05-09,93.0,93.77,92.59,92.79,32936436.0,0.0,1.0,90.88774567587,91.640257118563,90.487057764826,90.682515282409,32936436.0
2016-05-10,93.33,93.57,92.11,93.42,33686836.0,0.0,1.0,91.210250579881,91.44479960098,90.017959722628,91.298206462794,33686836.0
2016-05-11,93.48,93.57,92.46,92.51,28719109.0,0.0,1.0,91.356843718068,91.44479960098,90.360010378398,90.408874757793,28719109.0
2016-05-12,92.72,92.78,89.47,90.34,76314690.0,0.0,1.0,90.614105151255,90.67274240653,87.437920490539,88.288160692023,76314690.0
2016-05-13,90.0,91.67,90.0,90.52,44392765.0,0.0,1.0,87.955882912133,89.587953183947,87.955882912133,88.464072457847,44392765.0
2016-05-16,92.39,94.39,91.65,93.88,61259756.0,0.0,1.0,90.291600247244,92.246175423069,89.568407432188,91.747758753233,61259756.0
2016-05-17,94.55,94.7,93.01,93.49,46916939.0,0.0,1.0,92.402541437135,92.549134575322,90.897518551749,91.366616593947,46916939.0
2016-05-18,94.16,95.21,93.89,94.56,42062391.0,0.0,1.0,92.021399277849,93.047551245157,91.757531629113,92.412314313014,42062391.0
2016-05-19,94.64,94.64,93.57,94.2,30442100.0,0.0,1.0,92.490497320047,92.490497320047,91.44479960098,92.060490781365,30442100.0
2016-05-20,94.64,95.43,94.52,95.22,32025968.0,0.0,1.0,92.490497320047,93.262554514498,92.373222809497,93.057324121036,32025968.0
2016-05-23,95.87,97.19,95.67,96.43,38018643.0,0.0,1.0,93.692561053179,94.982580669224,93.497103535597,94.23984210241,38018643.0
2016-05-24,97.22,98.09,96.84,97.9,35140174.0,0.0,1.0,95.011899296861,95.862139498345,94.640530013455,95.676454856642,35140174.0
2016-05-25,98.67,99.74,98.11,99.62,38642108.0,0.0,1.0,96.428966299335,97.474664018401,95.881685250104,97.357389507852,38642108.0
2016-05-26,99.68,100.73,98.64,100.41,56331159.0,0.0,1.0,97.416026763126,98.442178730435,96.399647671697,98.129446702303,56331159.0
2016-05-27,99.44,100.47,99.245,100.35,36341240.0,0.0,1.0,97.181477742027,98.188083957577,96.990906662384,98.070809447028,36341240.0
2016-05-31,99.6,100.4,98.82,99.86,42307212.0,0.0,1.0,97.337843756093,98.119673826423,96.575559437522,97.591938528951,42307212.0
2016-06-01,99.02,99.54,98.33,98.46,29173285.0,0.0,1.0,96.771016955104,97.279206500819,96.096688519444,96.223735905873,29173285.0
2016-06-02,97.6,97.84,96.63,97.72,40191600.0,0.0,1.0,95.383268580268,95.617817601367,94.435299619993,95.500543090818,40191600.0
2016-06-03,97.79,98.27,97.45,97.92,28504888.0,0.0,1.0,95.568953221972,96.03805126417,95.236675442081,95.6960006084,28504888.0
2016-06-06,97.99,101.89,97.55,98.63,23292504.0,0.0,1.0,95.764410739554,99.575832332413,95.334404200873,96.389874795818,23292504.0
2016-06-07,99.25,99.87,98.96,99.03,22409450.0,0.0,1.0,96.995793100324,97.60171140483,96.712379699829,96.780789830983,22409450.0
2016-06-08,99.02,99.56,98.68,98.94,20848131.0,0.0,1.0,96.771016955104,97.298752252577,96.438739175214,96.692833948071,20848131.0
2016-06-09,98.5,99.99,98.46,99.65,26601354.0,0.0,1.0,96.26282740939,97.718985915379,96.223735905873,97.386708135489,26601354.0
2016-06-10,98.53,99.3457,98.48,98.83,31712936.0,0.0,1.0,96.292146037027,97.089319522487,96.243281657631,96.585332313401,31712936.0
2016-06-13,98.69,99.12,97.1,97.34,38020494.0,0.0,1.0,96.448512051093,96.868745713895,94.894624786312,95.129173807411,38020494.0
2016-06-14,97.32,98.475,96.75,97.46,31931944.0,0.0,1.0,95.109628055653,96.238395219692,94.552574130543,95.24644831796,31931944.0
2016-06-15,97.82,98.41,97.03,97.14,29445227.0,0.0,1.0,95.598271849609,96.174871526477,94.826214655158,94.933716289828,29445227.0
2016-06-16,96.45,97.75,96.07,97.55,31326815.0,0.0,1.0,94.259387854169,95.529861718455,93.888018570762,95.334404200873,31326815.0
2016-06-17,96.62,96.65,95.3,95.33,61008219.0,0.0,1.0,94.425526744114,94.454845371751,93.135507128069,93.164825755707,61008219.0
2016-06-20,96.0,96.57,95.03,95.1,34411901.0,0.0,1.0,93.819608439608,94.376662364718,92.871639479333,92.940049610487,34411901.0
2016-06-21,94.94,96.35,94.676,95.91,35546358.0,0.0,1.0,92.783683596421,94.161659095377,92.525679673212,93.731652556696,35546358.0
2016-06-22,96.25,96.89,95.35,95.55,29219122.0,0.0,1.0,94.063930336586,94.68939439285,93.184371507465,93.379829025047,29219122.0
2016-06-23,95.94,96.29,95.25,96.1,32240187.0,0.0,1.0,93.760971184333,94.103021840103,93.086642748674,93.917337198399,32240187.0
2016-06-24,92.91,94.655,92.65,93.4,75311356.0,0.0,1.0,90.799789792958,92.505156633866,90.545695020101,91.278660711035,75311356.0
2016-06-27,93.0,93.05,91.5,92.04,46622188.0,0.0,1.0,90.88774567587,90.936610055266,89.421814294001,89.949549591474,46622188.0
2016-06-28,92.9,93.66,92.14,93.59,40444914.0,0.0,1.0,90.790016917079,91.532755483893,90.047278350266,91.464345352739,40444914.0
2016-06-29,93.97,94.55,93.63,94.4,36531006.0,0.0,1.0,91.835714636146,92.402541437135,91.503436856255,92.255948298948,36531006.0
2016-06-30,94.44,95.77,94.3,95.6,35836356.0,0.0,1.0,92.295039802464,93.594832294388,92.158219540157,93.428693404443,35836356.0
2016-07-01,95.49,96.465,95.33,95.89,26026540.0,0.0,1.0,93.321191769773,94.274047167987,93.164825755707,93.712106804938,26026540.0
2016-07-05,95.39,95.4,94.46,94.99,27705210.0,0.0,1.0,93.223463010981,93.233235886861,92.314585554223,92.832547975816,27705210.0
2016-07-06,94.6,95.66,94.37,95.53,30949090.0,0.0,1.0,92.45140581653,93.487330659718,92.226629671311,93.360283273289,30949090.0
2016-07-07,95.7,96.5,95.62,95.94,25139558.0,0.0,1.0,93.526422163234,94.308252233564,93.448239156201,93.760971184333,25139558.0
2016-07-08,96.49,96.89,96.05,96.68,28912103.0,0.0,1.0,94.298479357685,94.68939439285,93.868472819004,94.484163999389,28912103.0
2016-07-11,96.75,97.65,96.73,96.98,23794945.0,0.0,1.0,94.552574130543,95.432132959664,94.533028378784,94.777350275762,23794945.0
2016-07-12,97.17,97.7,97.12,97.42,24167463.0,0.0,1.0,94.963034917466,95.480997339059,94.91417053807,95.207356814444,24167463.0
2016-07-13,97.41,97.67,96.84,96.87,25892171.0,0.0,1.0,95.197583938565,95.451678711422,94.640530013455,94.669848641092,25892171.0
2016-07-14,97.39,98.99,97.32,98.79,38918997.0,0.0,1.0,95.178038186807,96.741698327467,95.109628055653,96.546240809884,38918997.0
2016-07-15,98.92,99.3,98.5,98.78,30136990.0,0.0,1.0,96.673288196313,97.04465747972,96.26282740939,96.536467934005,30136990.0
2016-07-18,98.7,100.13,98.6,99.83,36493867.0,0.0,1.0,96.458284926972,97.855806177687,96.360556168181,97.562619901313,36493867.0
2016-07-19,99.56,100.0,99.34,99.87,23779924.0,0.0,1.0,97.298752252577,97.728758791258,97.083748983236,97.60171140483,23779924.0
2016-07-20,100.0,100.46,99.735,99.96,26275968.0,0.0,1.0,97.728758791258,98.178311081698,97.469777580462,97.689667287742,26275968.0
2016-07-21,99.83,101.0,99.13,99.43,32702028.0,0.0,1.0,97.562619901313,98.706046379171,96.878518589774,97.171704866148,32702028.0
2016-07-22,99.26,99.3,98.31,98.66,28313669.0,0.0,1.0,97.005565976203,97.04465747972,96.077142767686,96.419193423456,28313669.0
2016-07-25,98.25,98.84,96.92,97.34,40382921.0,0.0,1.0,96.018505512411,96.59510518928,94.718713020488,95.129173807411,40382921.0
2016-07-26,96.82,97.97,96.42,96.67,56239822.0,0.0,1.0,94.620984261696,95.744864987796,94.230069226531,94.47439112351,56239822.0
2016-07-27,104.265,104.35,102.75,102.95,92344820.0,0.0,1.0,101.89689035371,101.97995979868,100.41629965802,100.6117571756,92344820.0
2016-07-28,102.83,104.45,102.82,104.34,39869839.0,0.0,1.0,100.49448266505,102.07768855747,100.48470978917,101.9701869228,39869839.0
2016-07-29,104.19,104.55,103.68,104.21,27733688.0,0.0,1.0,101.82359378461,102.17541731626,101.32517711478,101.84313953637,27733688.0
2016-08-01,104.41,106.15,104.41,106.05,38167871.0,0.0,1.0,102.03859705395,103.73907745692,102.03859705395,103.64134869813,38167871.0
2016-08-02,106.05,106.07,104.0,104.48,33816556.0,0.0,1.0,103.64134869813,103.66089444989,101.63790914291,102.10700718511,33816556.0
2016-08-03,104.81,105.84,104.77,105.79,30202641.0,0.0,1.0,102.42951208912,103.43611830467,102.3904205856,103.38725392527,30202641.0
2016-08-04,105.58,106.0,105.28,105.87,27408650.0,0.57,1.0,103.73755157009,104.15022226208,103.44278679011,104.02249085742,27408650.0
2016-08-05,106.27,107.65,106.18,107.48,40553402.0,0.0,1.0,104.41551056406,105.77142855201,104.32708113007,105.60439517668,40553402.0
2016-08-08,107.52,108.37,107.16,108.37,28037220.0,0.0,1.0,105.64369714734,106.47886402397,105.28997941136,106.47886402397,28037220.0
2016-08-09,108.23,108.94,108.01,108.81,26315204.0,0.0,1.0,106.34130712665,107.03891710595,106.12514628799,106.91118570129,26315204.0
2016-08-10,108.71,108.9,107.76,108.0,24008505.0,0.0,1.0,106.81293077463,106.99961513528,105.87950897133,106.11532079532,24008505.0
2016-08-11,108.52,108.93,107.85,107.93,27484506.0,0.0,1.0,106.62624641397,107.02909161328,105.96793840533,106.04654234666,27484506.0
2016-08-12,107.78,108.44,107.78,108.18,18660434.0,0.0,1.0,105.89915995667,106.54764247264,105.89915995667,106.29217966332,18660434.0
2016-08-15,108.14,109.54,108.08,109.48,25868209.0,0.0,1.0,106.25287769265,107.62844666592,106.19392473665,107.56949370993,25868209.0
2016-08-16,109.63,110.23,109.21,109.38,33794448.0,0.0,1.0,107.71687609992,108.30640565989,107.30420540794,107.47123878326,33794448.0
2016-08-17,109.1,109.37,108.34,109.22,25355976.0,0.0,1.0,107.19612498861,107.4614132906,106.44938754598,107.3140309006,25355976.0
2016-08-18,109.23,109.6,109.02,109.08,21984703.0,0.0,1.0,107.32385639327,107.68739962192,107.11752104728,107.17647400328,21984703.0
2016-08-19,108.77,109.69,108.36,109.36,25368072.0,0.0,1.0,106.87188373062,107.77582905592,106.46903853131,107.45158779793,25368072.0
2016-08-22,108.86,109.1,107.85,108.51,25820230.0,0.0,1.0,106.96031316462,107.19612498861,105.96793840533,106.6164209213,25820230.0
2016-08-23,108.59,109.32,108.53,108.85,21257669.0,0.0,1.0,106.69502486263,107.41228582727,106.63607190663,106.95048767195,21257669.0
2016-08-24,108.565,108.75,107.68,108.03,23675081.0,0.0,1.0,106.67046113097,106.85223274529,105.80090503,106.14479727332,23675081.0
2016-08-25,107.39,107.88,106.68,107.57,25086248.0,0.0,1.0,105.51596574268,105.99741488333,104.81835576338,105.69282461068,25086248.0
2016-08-26,107.41,107.95,106.31,106.94,27766291.0,0.0,1.0,105.53561672802,106.06619333199,104.45481253473,105.0738185727,27766291.0
2016-08-29,106.62,107.44,106.29,106.82,24970300.0,0.0,1.0,104.75940280738,105.56509320601,104.4351615494,104.95591266071,24970300.0
2016-08-30,105.8,106.5,105.5,106.0,24863945.0,0.0,1.0,103.95371240875,104.64149689539,103.65894762876,104.15022226208,24863945.0
2016-08-31,105.66,106.5699,105.64,106.1,29662406.0,0.0,1.0,103.81615551142,104.71017708913,103.79650452609,104.24847718874,29662406.0
2016-09-01,106.14,106.8,105.62,106.73,26701523.0,0.0,1.0,104.2877791594,104.93626167538,103.77685354076,104.86748322671,26701523.0
2016-09-02,107.7,108.0,106.82,107.73,26802450.0,0.0,1.0,105.82055601534,106.11532079532,104.95591266071,105.85003249333,26802450.0
2016-09-06,107.9,108.3,107.51,107.7,26880391.0,0.0,1.0,106.01706586866,106.41008557531,105.63387165468,105.82055601534,26880391.0
2016-09-07,107.83,108.76,107.07,108.36,42364328.0,0.0,1.0,105.94828742,106.86205823796,105.20154997736,106.46903853131,42364328.0
2016-09-08,107.25,107.27,105.24,105.52,53002026.0,0.0,1.0,105.37840884536,105.39805983069,103.40348481944,103.6785986141,53002026.0
2016-09-09,104.64,105.72,103.13,103.13,46556984.0,0.0,1.0,102.81395525947,103.87510846742,101.33030586687,101.33030586687,46556984.0
2016-09-12,102.65,105.72,102.53,105.44,45292770.0,0.0,1.0,100.85868221889,103.87510846742,100.74077630689,103.59999467277,45292770.0
2016-09-13,107.51,108.79,107.24,107.95,62176190.0,0.0,1.0,105.63387165468,106.89153471596,105.36858335269,106.06619333199,62176190.0
2016-09-14,108.73,113.03,108.6,111.77,112340318.0,0.0,1.0,106.83258175996,111.05754360644,106.7048503553,109.81953153049,112340318.0
2016-09-15,113.86,115.73,113.49,115.57,90613177.0,0.0,1.0,111.87305949774,113.71042662632,111.50951626909,113.55321874366,90613177.0
2016-09-16,115.12,116.13,114.04,114.92,79886911.0,0.0,1.0,113.11107157368,114.10344633297,112.04991836573,112.91456172036,79886911.0
2016-09-19,115.19,116.18,113.25,113.58,47023046.0,0.0,1.0,113.17985002235,114.1525737963,111.2737044451,111.59794570308,47023046.0
2016-09-20,113.05,114.12,112.51,113.57,34514269.0,0.0,1.0,111.07719459177,112.12852230706,110.54661798779,111.58812021042,34514269.0
2016-09-21,113.85,113.989,112.441,113.55,36003185.0,0.0,1.0,111.86323400507,111.99980835313,110.4788220884,111.56846922508,36003185.0
2016-09-22,114.35,114.94,114.0,114.62,31073984.0,0.0,1.0,112.35450863838,112.93421270569,112.01061639506,112.61979694037,31073984.0
2016-09-23,114.42,114.79,111.55,112.71,52481151.0,0.0,1.0,112.42328708705,112.7868303157,109.60337069184,110.74312784112,52481151.0
2016-09-26,111.64,113.39,111.55,112.88,29869442.0,0.0,1.0,109.69180012583,111.41126134242,109.60337069184,110.91016121645,29869442.0
2016-09-27,113.0,113.18,112.34,113.09,24607412.0,0.0,1.0,111.02806712844,111.20492599643,110.37958461247,111.11649656244,24607412.0
2016-09-28,113.69,114.64,113.43,113.95,29641085.0,0.0,1.0,111.70602612241,112.6394479257,111.45056331309,111.96148893173,29641085.0
2016-09-29,113.16,113.8,111.8,112.18,35886990.0,0.0,1.0,111.1852750111,111.81410654174,109.84900800849,110.22237672981,35886990.0
2016-09-30,112.46,113.37,111.8,113.05,36379106.0,0.0,1.0,110.49749052446,111.39161035709,109.84900800849,111.07719459177,36379106.0
2016-10-03,112.71,113.05,112.28,112.52,21701760.0,0.0,1.0,110.74312784112,111.07719459177,110.32063165647,110.55644348046,21701760.0
2016-10-04,113.06,114.31,112.63,113.0,29736835.0,0.0,1.0,111.08702008444,112.31520666772,110.66452389979,111.02806712844,29736835.0
2016-10-05,113.4,113.66,112.69,113.05,21453089.0,0.0,1.0,111.42108683509,111.67654964441,110.72347685579,111.07719459177,21453089.0
2016-10-06,113.7,114.34,113.13,113.89,28779313.0,0.0,1.0,111.71585161508,112.34468314572,111.1557985331,111.90253597573,28779313.0
2016-10-07,114.31,114.56,113.51,114.06,24358443.0,0.0,1.0,112.31520666772,112.56084398437,111.52916725442,112.06956935106,24358443.0
2016-10-10,115.02,116.75,114.72,116.05,36235956.0,0.0,1.0,113.01281664702,114.71262687828,112.71805186703,114.02484239164,36235956.0
2016-10-11,117.7,118.69,116.2,116.3,64041043.0,0.0,1.0,115.64604868157,116.61877245553,114.17222478163,114.2704797083,64041043.0
2016-10-12,117.35,117.98,116.75,117.34,37586787.0,0.0,1.0,115.30215643825,115.92116247622,114.71262687828,115.29233094559,37586787.0
2016-10-13,116.79,117.44,115.72,116.98,35192406.0,0.0,1.0,114.75192884894,115.39058587225,113.70060113366,114.9386132096,35192406.0
2016-10-14,117.88,118.17,117.13,117.63,35652191.0,0.0,1.0,115.82290754956,116.10784683688,115.08599559959,115.57727023291,35652191.0
2016-10-17,117.33,117.84,116.78,117.55,23624896.0,0.0,1.0,115.28250545292,115.7836055789,114.74210335628,115.49866629158,23624896.0
2016-10-18,118.18,118.21,117.45,117.47,24553478.0,0.0,1.0,116.11767232955,116.14714880755,115.40041136491,115.42006235025,24553478.0
2016-10-19,117.25,117.76,113.8,117.12,20034594.0,0.0,1.0,115.20390151159,115.70500163757,111.81410654174,115.07617010693,20034594.0
2016-10-20,116.86,117.38,116.33,117.06,24125801.0,0.0,1.0,114.82070729761,115.33163291625,114.2999561863,115.01721715093,24125801.0
2016-10-21,116.81,116.91,116.28,116.6,23192665.0,0.0,1.0,114.77157983428,114.86983476094,114.25082872296,114.56524448828,23192665.0
2016-10-24,117.1,117.74,117.0,117.65,23538673.0,0.0,1.0,115.0565191216,115.68535065223,114.95826419493,115.59692121824,23538673.0
2016-10-25,117.95,118.36,117.31,118.25,48128970.0,0.0,1.0,115.89168599823,116.29453119754,115.26285446759,116.18645077821,48128970.0
2016-10-26,114.31,115.7,113.31,115.59,66134219.0,0.0,1.0,112.31520666772,113.68095014832,111.33265740109,113.57286972899,66134219.0
2016-10-27,115.39,115.86,114.1,114.48,34562045.0,0.0,1.0,113.37635987567,113.83815803098,112.10887132173,112.48224004304,34562045.0
2016-10-28,113.87,115.21,113.45,113.72,37861662.0,0.0,1.0,111.8828849904,113.19950100768,111.47021429842,111.73550260041,37861662.0
2016-10-31,113.65,114.23,113.2,113.54,26419398.0,0.0,1.0,111.66672415175,112.23660272639,111.22457698176,111.55864373242,26419398.0
2016-11-01,113.46,113.77,110.53,111.49,43825812.0,0.0,1.0,111.48003979109,111.78463006374,108.60117043988,109.54441773584,43825812.0
2016-11-02,111.4,112.35,111.23,111.59,28331709.0,0.0,1.0,109.45598830184,110.38941010513,109.28895492652,109.6426726625,28331709.0
2016-11-03,110.98,111.46,109.55,109.83,26932602.0,0.57,1.0,109.60923485504,110.08330615374,108.19689744431,108.47343903522,26932602.0
2016-11-04,108.53,110.25,108.11,108.84,30836997.0,0.0,1.0,107.18949593456,108.88825142159,106.77468354819,107.49566698164,30836997.0
2016-11-07,110.08,110.51,109.46,110.41,32560000.0,0.0,1.0,108.72035116996,109.14504004172,108.1080090758,109.04627518782,32560000.0
2016-11-08,110.31,111.72,109.7,111.06,24254179.0,0.0,1.0,108.94751033393,110.34009477388,108.34504472515,109.68824673815,24254179.0
2016-11-09,109.88,111.32,108.05,110.88,59176361.0,0.0,1.0,108.52282146217,109.94503535829,106.71542463585,109.51047000114,59176361.0
2016-11-10,111.09,111.09,105.83,107.79,57134541.0,0.0,1.0,109.71787619432,109.71787619432,104.52284487933,106.45863601572,57134541.0
2016-11-11,106.92,108.87,106.55,108.43,34143898.0,0.0,1.0,105.59938178681,107.52529643781,105.23395182739,107.09073108066,34143898.0
2016-11-14,107.32,107.809,104.08,105.71,51175504.0,0.0,1.0,105.9944412024,106.47740133796,102.79445993613,104.40432705466,51175504.0
2016-11-15,106.57,107.68,106.1593,107.11,32264510.0,0.0,1.0,105.25370479817,106.34999467643,104.84807754322,105.78703500922,32264510.0
2016-11-16,106.7,110.23,106.6,109.99,58840522.0,0.0,1.0,105.38209910824,108.86849845081,105.28333425434,108.63146280145,58840522.0
2016-11-17,109.81,110.35,108.83,109.95,27632003.0,0.0,1.0,108.45368606444,108.98701627548,107.48579049625,108.5919568599,27632003.0
2016-11-18,109.72,110.54,109.66,110.06,28428917.0,0.0,1.0,108.36479769593,109.17466949789,108.30553878359,108.70059819918,28428917.0
2016-11-21,110.12,111.99,110.01,111.73,29264571.0,0.0,1.0,108.75985711152,110.6067598794,108.65121577223,110.34997125926,29264571.0
2016-11-22,111.95,112.42,111.4,111.8,25965534.0,0.0,1.0,110.56725393784,111.03144875115,110.0240472414,110.41910665699,25965534.0
2016-11-23,111.36,111.51,110.33,111.23,27426394.0,0.0,1.0,109.98454129985,110.13268858069,108.9672633047,109.85614698978,27426394.0
2016-11-25,111.13,111.87,110.95,111.79,11475922.0,0.0,1.0,109.75738213588,110.48824205472,109.57960539887,110.4092301716,11475922.0
2016-11-28,111.43,112.465,111.39,111.57,27193983.0,0.0,1.0,110.05367669757,111.07589293541,110.01417075601,110.19194749303,27193983.0
2016-11-29,110.78,112.03,110.07,111.46,28528750.0,0.0,1.0,109.41170514724,110.64626582096,108.71047468457,110.08330615374,28528750.0
2016-11-30,111.56,112.2,110.27,110.52,36162258.0,0.0,1.0,110.18207100764,110.81416607258,108.90800439237,109.15491652711,36162258.0
2016-12-01,110.365,110.94,109.03,109.49,37086862.0,0.0,1.0,109.00183100357,109.56972891348,107.68332020404,108.13763853197,37086862.0
2016-12-02,109.17,110.09,108.85,109.9,26527997.0,0.0,1.0,107.8215909995,108.73022765535,107.50554346703,108.54257443295,26527997.0
2016-12-05,110.0,110.03,108.25,109.11,34324540.0,0.0,1.0,108.64133928684,108.67096874301,106.91295434364,107.76233208716,34324540.0
2016-12-06,109.5,110.36,109.19,109.95,26195462.0,0.0,1.0,108.14751501736,108.99689276087,107.84134397028,108.5919568599,26195462.0
2016-12-07,109.26,111.19,109.16,111.03,29998719.0,0.0,1.0,107.91047936801,109.81664104822,107.81171451411,109.65861728198,29998719.0
2016-12-08,110.86,112.43,110.6,112.12,27068316.0,0.0,1.0,109.49071703036,111.04132523654,109.23392841023,110.73515418946,27068316.0
2016-12-09,112.31,114.7,112.31,113.95,34402627.0,0.0,1.0,110.92280741187,113.28328742001,110.92280741187,112.54255101578,34402627.0
2016-12-12,113.29,115.0,112.49,113.3,26374377.0,0.0,1.0,111.89070298006,113.5795819817,111.10058414888,111.90057946545,26374377.0
2016-12-13,113.84,115.92,113.75,115.19,43733811.0,0.0,1.0,112.43390967649,114.48821863755,112.34502130799,113.76723520411,43733811.0
2016-12-14,115.04,116.2,114.98,115.19,34031834.0,0.0,1.0,113.61908792326,114.76476022847,113.55982901092,113.76723520411,34031834.0
2016-12-15,115.38,116.73,115.23,115.82,46524544.0,0.0,1.0,113.95488842651,115.28821395412,113.80674114566,114.38945378366,46524544.0
2016-12-16,116.47,116.5,115.645,115.97,44351134.0,0.0,1.0,115.03142533399,115.06105479016,114.21661528934,114.5376010645,44351134.0
2016-12-19,115.8,117.38,115.75,116.64,27779423.0,0.0,1.0,114.36970081288,115.93018550445,114.32031838593,115.19932558561,27779423.0
2016-12-20,116.74,117.5,116.68,116.95,21424965.0,0.0,1.0,115.29809043951,116.04870332913,115.23883152717,115.50549663269,21424965.0
2016-12-21,116.8,117.4,116.78,117.06,23783165.0,0.0,1.0,115.35734935185,115.94993847523,115.33759638107,115.61413797198,23783165.0
2016-12-22,116.35,116.51,115.64,116.29,26085854.0,0.0,1.0,114.91290750931,115.07093127555,114.21167704664,114.85364859697,26085854.0
2016-12-23,115.59,116.52,115.59,116.52,14249484.0,0.0,1.0,114.16229461969,115.08080776094,114.16229461969,115.08080776094,14249484.0
2016-12-27,116.52,117.8,116.49,117.26,18296855.0,0.0,1.0,115.08080776094,116.34499789082,115.05117830477,115.81166767978,18296855.0
2016-12-28,117.52,118.0166,116.2,116.76,20905892.0,0.0,1.0,116.06845629991,116.55892256436,114.76476022847,115.31784341029,20905892.0
2016-12-29,116.45,117.1095,116.4,116.73,15039519.0,0.0,1.0,115.01167236321,115.66302657466,114.96228993626,115.28821395412,15039519.0
2016-12-30,116.65,117.2,115.43,115.82,30586265.0,0.0,1.0,115.209202071,115.75240876744,114.00427085346,114.38945378366,30586265.0
2017-01-03,115.8,116.33,114.76,116.15,28781865.0,0.0,1.0,114.36970081288,114.89315453853,113.34254633235,114.71537780152,28781865.0
2017-01-04,115.85,116.51,115.75,116.02,21118116.0,0.0,1.0,114.41908323983,115.07093127555,114.32031838593,114.58698349145,21118116.0
2017-01-05,115.92,116.8642,115.81,116.61,22193587.0,0.0,1.0,114.48821863755,115.42075638805,114.37957729827,115.16969612944,22193587.0
2017-01-06,116.78,118.16,116.47,117.91,31751900.0,0.0,1.0,115.33759638107,116.70055136485,115.03142533399,116.45363923011,31751900.0
2017-01-09,117.95,119.43,117.94,118.99,33561948.0,0.0,1.0,116.49314517167,117.95486500934,116.48326868628,117.5202996522,33561948.0
2017-01-10,118.77,119.38,118.3,119.11,24462051.0,0.0,1.0,117.30301697362,117.9054825824,116.83882216031,117.63881747687,24462051.0
2017-01-11,118.74,119.93,118.6,119.75,27588593.0,0.0,1.0,117.27338751745,118.44868927883,117.135116722,118.27091254181,27588593.0
2017-01-12,118.895,119.3,118.21,119.25,27086220.0,0.0,1.0,117.42647304099,117.82647069928,116.7499337918,117.77708827233,27086220.0
2017-01-13,119.11,119.62,118.81,119.04,26111948.0,0.0,1.0,117.63881747687,118.14251823175,117.34252291518,117.56968207915,26111948.0
2017-01-17,118.34,120.24,118.22,120.0,34439843.0,0.0,1.0,116.87832810187,118.75486032591,116.75981027719,118.51782467656,34439843.0
2017-01-18,120.0,120.5,119.71,119.99,23712961.0,0.0,1.0,118.51782467656,119.01164894604,118.23140660026,118.50794819117,23712961.0
2017-01-19,119.4,120.09,119.37,119.78,25597291.0,0.0,1.0,117.92523555317,118.60671304506,117.89560609701,118.30054199798,25597291.0
2017-01-20,120.45,120.45,119.7346,120.0,32597892.0,0.0,1.0,118.96226651909,118.96226651909,118.25570275431,118.51782467656,32597892.0
2017-01-23,120.0,120.81,119.77,120.08,22050218.0,0.0,1.0,118.51782467656,119.31781999312,118.29066551259,118.59683655968,22050218.0
2017-01-24,119.55,120.1,119.5,119.97,23211038.0,0.0,1.0,118.07338283402,118.61658953045,118.02400040707,118.48819522039,23211038.0
2017-01-25,120.42,122.1,120.28,121.88,32586673.0,0.0,1.0,118.93263706293,120.5918866084,118.79436626747,120.37460392982,32586673.0
2017-01-26,121.67,122.44,121.6,121.94,26337576.0,0.0,1.0,120.16719773664,120.92768711165,120.09806233891,120.43386284216,26337576.0
2017-01-27,122.14,122.35,121.6,121.95,20562944.0,0.0,1.0,120.63139254996,120.83879874314,120.09806233891,120.44373932755,20562944.0
2017-01-30,120.93,121.63,120.66,121.63,30377503.0,0.0,1.0,119.4363378178,120.12769179508,119.16967271228,120.12769179508,30377503.0
2017-01-31,121.15,121.39,120.62,121.35,49200993.0,0.0,1.0,119.65362049637,119.89065614573,119.13016677072,119.85115020417,49200993.0
2017-02-01,127.03,130.49,127.01,128.75,111985040.0,0.0,1.0,125.46099390553,128.87825785037,125.44124093475,127.15974939256,111985040.0
2017-02-02,127.975,129.39,127.78,128.53,33710411.0,0.0,1.0,126.39432177485,127.7918444575,126.20173030975,126.94246671398,33710411.0
2017-02-03,128.31,129.19,128.16,129.08,24507301.0,0.0,1.0,126.72518403541,127.5943147497,126.57703675456,127.48567341042,24507301.0
2017-02-06,129.13,130.5,128.9,130.29,26845924.0,0.0,1.0,127.53505583737,128.88813433576,127.3078966734,128.68072814257,26845924.0
2017-02-07,130.54,132.09,130.45,131.53,38183841.0,0.0,1.0,128.92764027732,130.45849551272,128.83875190881,129.9054123309,38183841.0
2017-02-08,131.35,132.22,131.22,132.04,23004072.0,0.0,1.0,129.72763559388,130.58688982279,129.59924128382,130.40911308577,23004072.0
2017-02-09,131.65,132.445,131.12,132.42,28349859.0,0.57,1.0,130.58361630713,131.37217669425,130.05790938238,131.34737919779,28349859.0
2017-02-10,132.46,132.94,132.05,132.12,20065458.0,0.0,1.0,131.38705519212,131.86316712396,130.98037625033,131.04980924039,20065458.0
2017-02-13,133.08,133.82,132.75,133.29,23035421.0,0.0,1.0,132.00203310408,132.73603899901,131.67470615094,132.21033207426,23035421.0
2017-02-14,133.47,135.09,133.25,135.02,33226223.0,0.0,1.0,132.38887404871,133.99575181868,132.17065607994,133.92631882862,33226223.0
2017-02-15,135.52,136.27,134.62,135.51,35623100.0,0.0,1.0,134.42226875763,135.16619365114,133.52955888542,134.41234975905,35623100.0
2017-02-16,135.67,135.9,134.8398,135.345,22584555.0,0.0,1.0,134.57105373633,134.79919070367,133.74757847421,134.24868628248,22584555.0
2017-02-17,135.1,135.83,135.1,135.72,22198197.0,0.0,1.0,134.00567081726,134.72975771361,134.00567081726,134.62064872923,22198197.0
2017-02-21,136.23,136.75,135.98,136.7,24507156.0,0.0,1.0,135.12651765682,135.64230558298,134.87854269231,135.59271059008,24507156.0
2017-02-22,136.43,137.12,136.11,137.11,20836932.0,0.0,1.0,135.32489762842,136.00930853045,135.00748967385,135.99938953187,20836932.0
2017-02-23,137.38,137.48,136.3,136.53,20788186.0,0.0,1.0,136.26720249353,136.36639247933,135.19595064688,135.42408761422,20788186.0
2017-02-24,135.91,136.66,135.28,136.66,21776585.0,0.0,1.0,134.80910970225,135.55303459576,134.18421279171,135.55303459576,21776585.0
2017-02-27,137.14,137.435,136.28,136.93,20257426.0,0.0,1.0,136.02914652761,136.32175698572,135.17611264972,135.82084755742,20257426.0
2017-02-28,137.08,137.435,136.7,136.99,23482860.0,0.0,1.0,135.96963253613,136.32175698572,135.59271059008,135.8803615489,23482860.0
2017-03-01,137.89,140.15,137.595,139.79,36414585.0,0.0,1.0,136.77307142111,139.01476510022,136.480460963,138.65768115133,36414585.0
2017-03-02,140.0,140.2786,138.76,138.96,26210984.0,0.0,1.0,138.86598012152,139.14232342196,137.63602429758,137.83440426919,26210984.0
2017-03-03,138.78,139.83,138.59,139.78,21571121.0,0.0,1.0,137.65586229474,138.69735714566,137.46740132172,138.64776215275,21571121.0
2017-03-06,139.365,139.77,138.5959,139.34,21750044.0,0.0,1.0,138.23612371168,138.63784315417,137.47325353088,138.21132621523,21750044.0
2017-03-07,139.06,139.98,138.79,139.52,17446297.0,0.0,1.0,137.93359425499,138.84614212436,137.66578129332,138.38986818967,17446297.0
2017-03-08,138.95,139.8,138.82,139.0,18707236.0,0.0,1.0,137.82448527061,138.66760014991,137.69553828906,137.87408026351,18707236.0
2017-03-09,138.74,138.79,137.05,138.68,22155904.0,0.0,1.0,137.61618630042,137.66578129332,135.93987554039,137.55667230894,22155904.0
2017-03-10,139.25,139.3571,138.64,139.14,19612801.0,0.0,1.0,138.12205522801,138.2282877028,137.51699631462,138.01294624363,19612801.0
2017-03-13,138.85,139.43,138.82,139.2,17421717.0,0.0,1.0,137.7252952848,138.30059720245,137.69553828906,138.07246023511,17421717.0
2017-03-14,139.3,139.65,138.84,138.99,15309065.0,0.0,1.0,138.17165022091,138.51881517121,137.71537628622,137.86416126493,15309065.0
2017-03-15,139.41,140.7501,139.025,140.46,25691774.0,0.0,1.0,138.28075920529,139.61000420501,137.89887775996,139.3222540562,25691774.0
2017-03-16,140.72,141.02,140.26,140.69,19231998.0,0.0,1.0,139.58014801928,139.87771797669,139.1238740846,139.55039102354,19231998.0
2017-03-17,141.0,141.0,139.89,139.99,43884952.0,0.0,1.0,139.85787997953,139.85787997953,138.75687113714,138.85606112294,43884952.0
2017-03-20,140.4,141.5,140.23,141.46,21542038.0,0.0,1.0,139.26274006472,140.35382990853,139.09411708886,140.31415391421,21542038.0
2017-03-21,142.11,142.8,139.73,139.84,39529912.0,0.0,1.0,140.95888882192,141.64329972395,138.59816715985,138.70727614424,39529912.0
2017-03-22,139.845,141.6,139.76,141.42,25860165.0,0.0,1.0,138.71223564353,140.45301989433,138.62792415559,140.27447791989,25860165.0
2017-03-23,141.26,141.5844,140.61,140.92,20346301.0,0.0,1.0,140.11577394261,140.43754625655,139.4710390349,139.77852799089,20346301.0
2017-03-24,141.5,141.74,140.35,140.64,22395563.0,0.0,1.0,140.35382990853,140.59188587446,139.21314507182,139.50079603064,22395563.0
2017-03-27,139.39,141.22,138.62,140.88,23575094.0,0.0,1.0,138.26092120813,140.07609794829,137.49715831746,139.73885199657,23575094.0
2017-03-28,140.91,144.04,140.62,143.8,33374805.0,0.0,1.0,139.76860899231,142.87325554788,139.48095803348,142.63519958196,33374805.0
2017-03-29,143.68,144.49,143.19,144.12,29189955.0,0.0,1.0,142.516171599,143.31961048399,142.03014066857,142.95260753652,29189955.0
2017-03-30,144.19,144.5,143.5,143.93,21207252.0,0.0,1.0,143.02204052658,143.32952948257,142.33762962455,142.7641465635,21207252.0
2017-03-31,143.72,144.27,143.01,143.66,19661651.0,0.0,1.0,142.55584759332,143.10139251522,141.85159869413,142.49633360184,19661651.0
2017-04-03,143.71,144.12,143.05,143.7,19985714.0,0.0,1.0,142.54592859474,142.95260753652,141.89127468845,142.53600959616,19985714.0
2017-04-04,143.25,144.89,143.17,144.77,19891354.0,0.0,1.0,142.08965466005,143.71637042719,142.01030267141,143.59734244423,19891354.0
2017-04-05,144.22,145.46,143.81,144.02,27717854.0,0.0,1.0,143.05179752232,144.28175334626,142.64511858054,142.85341755072,27717854.0
2017-04-06,144.29,144.52,143.45,143.66,21149034.0,0.0,1.0,143.12123051238,143.34936747973,142.28803463165,142.49633360184,21149034.0
2017-04-07,143.73,144.18,143.27,143.34,16658543.0,0.0,1.0,142.5657665919,143.012121528,142.10949265721,142.17892564727,16658543.0
2017-04-10,143.6,143.8792,142.9,143.17,18933397.0,0.0,1.0,142.43681961036,142.71375805071,141.74248970975,142.01030267141,18933397.0
2017-04-11,142.94,143.35,140.06,141.63,30379376.0,0.0,1.0,141.78216570407,142.18884464585,138.925494113,140.48277689007,30379376.0
2017-04-12,141.6,142.15,141.01,141.8,20350000.0,0.0,1.0,140.45301989433,140.99856481624,139.86779897811,140.65139986594,20350000.0
2017-04-13,141.91,142.38,141.05,141.05,17822880.0,0.0,1.0,140.76050885032,141.22670178358,139.90747497243,139.90747497243,17822880.0
2017-04-17,141.48,141.88,140.87,141.83,16582094.0,0.0,1.0,140.33399191137,140.73075185458,139.72893299799,140.68115686168,16582094.0
2017-04-18,141.41,142.04,141.11,141.2,14697544.0,0.0,1.0,140.26455892131,140.88945583186,139.96698896391,140.05625995113,14697544.0
2017-04-19,141.88,142.0,140.45,140.68,17328375.0,0.0,1.0,140.73075185458,140.84977983754,139.31233505762,139.54047202496,17328375.0
2017-04-20,141.22,142.92,141.16,142.44,23319562.0,0.0,1.0,140.07609794829,141.76232770691,140.01658395681,141.28621577506,23319562.0
2017-04-21,142.44,142.68,141.85,142.27,17320928.0,0.0,1.0,141.28621577506,141.52427174099,140.70099485884,141.1175927992,17320928.0
2017-04-24,143.5,143.95,143.18,143.64,17116599.0,0.0,1.0,142.33762962455,142.78398456066,142.02022166999,142.47649560468,17116599.0
2017-04-25,143.91,144.9,143.87,144.54,18216472.0,0.0,1.0,142.74430856634,143.72628942577,142.70463257202,143.36920547689,18216472.0
2017-04-26,144.47,144.6,143.3762,143.6508,19614287.0,0.0,1.0,143.29977248683,143.42871946837,142.21483242213,142.48720812314,19614287.0
2017-04-27,143.9225,144.16,143.31,143.79,13948980.0,0.0,1.0,142.75670731456,142.99228353084,142.14916865153,142.62528058338,13948980.0
2017-04-28,144.09,144.3,143.27,143.65,20247187.0,0.0,1.0,142.92285054078,143.13114951096,142.10949265721,142.48641460326,20247187.0
2017-05-01,145.1,147.2,144.96,146.6,32818760.0,0.0,1.0,143.92466939737,146.00765909919,143.78580341725,145.41251918439,32818760.0
2017-05-02,147.54,148.09,146.84,147.51,39752670.0,0.0,1.0,146.34490505092,146.89044997282,145.65057515031,146.31514805518,39752670.0
2017-05-03,145.59,147.49,144.27,147.06,45142806.0,0.0,1.0,144.4107003278,146.29531005802,143.10139251522,145.86879311907,45142806.0
2017-05-04,146.52,147.14,145.81,146.53,23275690.0,0.0,1.0,145.33316719575,145.94814510771,144.62891829656,145.34308619433,23275690.0
2017-05-05,146.76,148.98,146.76,148.96,26787359.0,0.0,1.0,145.57122316167,147.77324084645,145.57122316167,147.75340284929,26787359.0
2017-05-08,149.03,153.7,149.03,153.0,48339210.0,0.0,1.0,147.82283583935,152.45500817627,147.82283583935,151.76067827566,48339210.0
2017-05-09,153.87,154.88,153.45,153.96,35942435.0,0.0,1.0,152.62363115213,153.62545000872,152.20703321176,152.71290213935,35942435.0
2017-05-10,153.63,153.94,152.11,153.26,25670456.0,0.0,1.0,152.3855751862,152.69306414219,150.87788740203,152.01857223874,25670456.0
2017-05-11,152.45,154.07,152.31,153.95,25596687.0,0.63,1.0,151.83394162925,153.44739512508,151.69450737652,153.32788005131,25596687.0
2017-05-12,154.7,156.42,154.67,156.1,32221756.0,0.0,1.0,154.07484926235,155.78789865298,154.04497049391,155.46919178961,32221756.0
2017-05-15,156.01,156.65,155.05,155.7,25700983.0,0.0,1.0,155.37955548428,156.01696921103,154.42343489416,155.07080821039,25700983.0
2017-05-16,155.94,156.06,154.72,155.47,19904679.0,0.0,1.0,155.30983835792,155.42935343169,154.09476844131,154.84173765234,19904679.0
2017-05-17,153.6,154.57,149.71,150.25,49482818.0,0.0,1.0,152.9792944195,153.9453745991,149.10501411161,149.64283194355,49482818.0
2017-05-18,151.27,153.34,151.13,152.54,33159664.0,0.0,1.0,150.65871007056,152.72034509301,150.51927581783,151.92357793457,33159664.0
2017-05-19,153.38,153.98,152.63,152.96,26733798.0,0.0,1.0,152.76018345093,153.35775881976,152.0132142399,152.34188069275,26733798.0
2017-05-22,154.0,154.58,152.91,153.99,22340069.0,0.0,1.0,153.37767799872,153.95533418858,152.29208274535,153.36771840924,22340069.0
2017-05-23,154.9,154.9,153.31,153.8,19430358.0,0.0,1.0,154.27404105196,154.27404105196,152.69046632457,153.17848620911,19430358.0
2017-05-24,153.84,154.17,152.67,153.34,19118319.0,0.0,1.0,153.21832456703,153.54699101988,152.05305259782,152.72034509301,19118319.0
2017-05-25,153.73,154.35,153.03,153.87,19044463.0,0.0,1.0,153.10876908275,153.72626363053,152.41159781911,153.24820333547,19044463.0
2017-05-26,154.0,154.24,153.31,153.61,21632202.0,0.0,1.0,153.37767799872,153.61670814625,152.69046632457,152.98925400898,21632202.0
2017-05-30,153.42,154.43,153.33,153.67,20034934.0,0.0,1.0,152.80002180885,153.80594034638,152.71038550353,153.04901154586,20034934.0
2017-05-31,153.97,154.17,152.38,152.76,23162873.0,0.0,1.0,153.34779923028,153.54699101988,151.76422450289,152.14268890314,23162873.0
